question,generated_answer,key_terms
"According to the general rules, what is the specific purpose of the `HAS` function in relation to table relationships?","# Explanation of the `HAS` Function in PyDough

Based on the provided documentation, I can explain the purpose and usage of the `HAS` function in PyDough, particularly in relation to table relationships.

## Purpose of the `HAS` Function

The `HAS` function in PyDough is specifically designed to check for the existence of records in a sub-collection relationship. According to the documentation [91a43fe], the `HAS` function is internally rewritten as `COUNT(X) > 0` unless it appears in the conjunction of a `WHERE` clause.

From [91a43fe], we can see the internal transformation:
```python
# Rewrite HAS and HASNOT into COUNT comparisons unless we are
# still in the conjunction of a WHERE clause
cmp_op = GRT if exp.operator == HAS else EQU
```

This shows that `HAS(X)` is transformed to use a greater-than comparison with the count of records.

## How `HAS` Works with Table Relationships

The `HAS` function is particularly useful when working with sub-collections in PyDough's document model. It allows you to check if a related collection contains any records without having to manually count and compare.

According to [620de93], here are examples of how `HAS` is used in PyDough code:

```python
# Will be rewritten to `Customers.CALCULATE(name, has_orders=COUNT(orders) > 0)`
Customers.CALCULATE(name, has_orders=HAS(orders))

# Will not be rewritten
Customers.WHERE(HAS(orders) & (nation.region.name == ""EUROPE""))

# Will not be rewritten
Customers.WHERE(HASNOT(orders))

# Will be rewritten to
# `Customers.WHERE((COUNT(orders) > 0) | (nation.region.name == ""EUROPE""))`
Customers.WHERE(HAS(orders) | (nation.region.name == ""EUROPE""))
```

## Special Behavior in `WHERE` Clauses

An important aspect of the `HAS` function is its special behavior in `WHERE` clauses. As shown in [91a43fe] and [620de93], when `HAS` is used in the conjunction of a `WHERE` clause (connected with `&`), it is not rewritten to a `COUNT` comparison. This special handling likely provides optimization opportunities in the query execution.

From [91a43fe]:
```python
""""""
Rewrite all `HAS(X)` as `COUNT(X) > 0` unless in the conjunction of a
`WHERE` clause.
Rewrite all `HASNOT(X)` as `COUNT(X) == 0` unless in the conjunction of a
`WHERE` clause.
""""""
```

## Related Function: `HASNOT`

PyDough also provides a complementary function called `HASNOT` which checks for the absence of records in a sub-collection. According to [91a43fe] and [620de93], `HASNOT(X)` is rewritten as `COUNT(X) == 0` unless it appears in the conjunction of a `WHERE` clause.

Example from [620de93]:
```python
# Will be rewritten to `Customers.CALCULATE(name, never_made_order=COUNT(orders) == 0)`
Customers.CALCULATE(name, never_made_order=HASNOT(orders))
```

## Practical Application

The `HAS` function is particularly useful in scenarios where you need to filter or calculate based on the existence of related records. For example, you might want to:

1. Find all customers who have placed at least one order
2. Calculate a flag indicating whether a person has a middle name
3. Filter to only include addresses that have packages shipped to them

This aligns with PyDough's document model approach [988171e], which allows expressing analytical questions with hierarchical thinking, making it closer to human linguistics than a relational model.

## Conclusion

The `HAS` function in PyDough provides a convenient way to check for the existence of records in related collections, supporting the hierarchical document model that PyDough uses for data representation. It has special optimization behavior in `WHERE` clauses and is internally transformed to use `COUNT` operations in other contexts.",HAS
How should one verify a one-to-many relationship between collections based on the naming convention described?,"# Verifying One-to-Many Relationships in PyDough

The original question asks about how to verify a one-to-many relationship between collections based on PyDough's naming conventions. Based on the provided search results, I'll explain how PyDough represents and verifies these relationships.

## Understanding One-to-Many Relationships in PyDough

In PyDough, one-to-many relationships between collections are defined in the metadata and can be verified through several key indicators:

### 1. Metadata Definition

One-to-many relationships in PyDough are typically defined using the ""simple_join"" property type [5c77f3e]. The key indicators in the metadata are:

- The `singular` property: When set to `false`, it indicates that each record in the parent collection can have multiple matching records in the child collection.
- The `no_collisions` property: When set to `true`, it indicates that multiple records from the parent collection cannot match to the same record in the child collection.

From [5c77f3e]:
```json
""other_collection_name"": a string indicating the name of the other collection that this property connects the current collection to.
""singular"": a boolean that is true if each record in the current collection has at most 1 matching record of the subcollection, and false otherwise.
""no_collisions"": a boolean that is true if multiple records from this collection can match onto the same record from the other collection, and false otherwise (true if-and-only-if the reverse relationship is singular).
```

### 2. Naming Conventions

PyDough follows specific naming conventions for one-to-many relationships [0e3bd07]:

- When a collection has a one-to-many relationship with another collection, the property name is typically plural (e.g., `People.packages`).
- The reverse relationship (many-to-one) typically uses a singular name (e.g., `Packages.customer`).

From [0e3bd07]:
```
`People.packages`: every package ordered by each person (reverse is `Packages.customer`). There can be 0, 1 or multiple packages ordered by a single person, but each package has exactly one person who ordered it.
```

### 3. Verification Through Code

You can verify one-to-many relationships in PyDough by:

#### a. Using the `explain` function

The `explain` function provides detailed information about properties, including their cardinality [2d92a7e]:

```python
import pydough
graph = pydough.parse_json_metadata_from_file(""insert_path_here.json"", ""TPCH"")
pydough.explain(graph[""nations""][""customers""], verbose=True)
```

Output:
```
PyDough property: nations.customers
This property connects collection nations to customers.
Cardinality of connection: One -> Many
Is reversible: yes
Reverse property: customers.nation
```

#### b. Examining the relationship through code patterns

One-to-many relationships can be verified by observing how they're used in PyDough code:

- Aggregation functions (like `COUNT`) are needed when accessing properties of the ""many"" side from the ""one"" side [79d3c82]:
```python
People.CALCULATE(
    ssn,
    n_packages=COUNT(packages)
)
```

- Direct access is possible when accessing properties of the ""one"" side from the ""many"" side [0e3bd07]:
```python
Packages.CALCULATE(
    package_id,
    customer_name=customer.first_name
)
```

## Example from the Documentation

From [0e3bd07], here's a clear example of a one-to-many relationship:

```
`People.packages`: every package ordered by each person (reverse is `Packages.customer`). There can be 0, 1 or multiple packages ordered by a single person, but each package has exactly one person who ordered it.
```

This example demonstrates:
1. The naming convention (plural for one-to-many, singular for many-to-one)
2. The cardinality description (multiple packages per person, one person per package)
3. The bidirectional nature of the relationship

## Best Practices

1. Always use plural names for properties representing the ""many"" side of a relationship [0e3bd07].
2. Use singular names for properties representing the ""one"" side of a relationship [0e3bd07].
3. When accessing data from the ""many"" side in a ""one"" context, use aggregation functions like `COUNT`, `SUM`, etc. [79d3c82].
4. Use the `.SINGULAR()` modifier only when you're certain that a normally plural relationship has been filtered to be singular [edc4690].

By following these conventions and using the appropriate verification methods, you can ensure that one-to-many relationships are correctly defined and used in PyDough.",
Explain the fundamental difference highlighted between PyDough and SQL regarding syntax and behavior assumptions.,"# Explanation of PyDough vs SQL Fundamental Differences

Based on the provided documentation, I'll explain the fundamental differences between PyDough and SQL regarding syntax and behavior assumptions.

## Fundamental Differences Highlighted

According to [988171e], PyDough allows expressing analytical questions with hierarchical thinking, which is closer to human linguistics than SQL's relational model:

> ""PyDough allows expressing analytical questions with hierarchical thinking, as seen in models such as MongoDB, since that mental model is closer to human linguistics than a relational model.""

The key differences can be categorized as follows:

### 1. Mental Model: Hierarchical vs Relational

PyDough uses a logical document model for abstractly explaining and interacting with data, rather than a physical document model to store data [988171e]. This means:

- PyDough thinks in terms of parent-child relationships
- SQL requires understanding explicit join relationships

As stated in [8e03891]:
> ""The example SQL requires a nested subquery to answer, which can easily become complicated and unmanagable as questions scale in size. It also requires explicitly representing the join information where a decision like **LEFT** vs **INNER** join impacts correctness and is a function of the data.""

### 2. Join Abstraction

PyDough abstracts away joins in favor of thinking about logical relationships between collections and sub-collections [7ea5a7b]:

> ""PyDough, on the other hand, abstracts away joins in favor of thinking about logical relationships between collections & sub-collections.""

This means that in PyDough:
- Join information is encoded in the metadata [8e03891]
- Users don't need to explicitly specify join types (INNER, LEFT, etc.)
- The complex semantics of aggregation keys and different types of joins are abstracted away

### 3. Code Simplicity and Correlation to Questions

PyDough code tends to look more similar to the text of the question than SQL would [7ea5a7b]:

> ""When a question is being asked, the PyDough code to answer it will look more similar to the text of the question than the SQL text would. This makes LLM generation of PyDough code simpler since there is a stronger correlation between a question asked and the PyDough code to answer it.""

### 4. Incremental Expression Building

PyDough can be written incrementally via expressions that are meaningless until the final context [a10c3db]:

> ""PyDough can be written incrementally via expressions that are meaningless until the final context.""

## Concrete Example Comparison

The documentation provides a clear example comparing PyDough and SQL syntax for the same problem [988171e]:

**Problem**: Find for every person their name & the total income they've made from all jobs minus the total tuition paid to all schools, including people who never had jobs or attended schools.

**PyDough Solution**:
```py
result = People.CALCULATE(
  name,
  net_income = SUM(jobs.income_earned) - SUM(schools.tuition_paid)
)
pydough.to_df(result)
```

**SQL Solution**:
```sql
SELECT
  P.name AS name,
  COALESCE(T1.total_income_earned, 0) - COALESCE(T2.total_tuition_paid, 0) AS net_income
FROM PEOPLE AS P
LEFT JOIN (
  SELECT person_ssn, SUM(income_earned) AS total_income_earned
  FROM EMPLOYMENT_RECORDS
  GROUP BY person_ssn
) AS J
ON P.ssn = J.person_ssn
LEFT JOIN (
  SELECT person_ssn, SUM(tuition_paid) AS total_tuition_paid
  FROM EDUCATION_RECORDS
) AS S
ON P.ssn = S.person_ssn
```

Another example from [8e03891] shows how PyDough simplifies a complex query about revenue ratios:

**SQL**:
```SQL
Select
 (L_EXTENDED_PRICE * (1 - L_DISCOUNT)) / order_total as revenue_ratio,
 orderkey,
 l_linenumber as line_number
from lines
inner join (
 select
 o_orderkey as order_key,
 SUM(L_EXTENDED_PRICE * (1 - L_DISCOUNT)) as order_total
 from orders
 inner join lines
 on l_orderkey = o_orderkey
 group by o_orderkey
)
on l_orderkey = order_key
order by revenue_ratio ASC, order_key DESC, line_number DESC
LIMIT 5
```

**PyDough**:
```python
revenue_def = extended_price*(1-discount)
orders.CALCULATE(total_line_price=SUM(lines.CALCULATE(line_price=revenue_def).line_price)).lines.CALCULATE(
 revenue_ratio=revenue_def / total_line_price, 
 order_key=order_key, 
 line_number=line_number
).TOP_K(5, by=(revenue_ratio.ASC(), order_key.DESC(), line_number.DESC()))
```

## PyDough Best Practices Demonstrated

1. **Define reusable expressions**: Creating `revenue_def = extended_price*(1-discount)` as a reusable component [8e03891]

2. **Hierarchical thinking**: Using parent-child relationships like `orders.lines` instead of explicit joins [8e03891]

3. **Incremental building**: Building queries step by step for complex analysis [a10c3db]

4. **Contextless expressions**: Using expressions that can be composed later into meaningful queries [8e03891]

## Conclusion

The fundamental difference between PyDough and SQL is that PyDough uses a hierarchical thinking model that's closer to human linguistics, abstracting away complex join logic and aggregation semantics. This results in code that's more compact, more closely resembles the original question, and is easier to verify for logical correctness.

As stated in [7ea5a7b]:
> ""Often, PyDough code will be significantly more compact than equivalent SQL text, and therefore easier for a human to verify for logical correctness.""",Explain the fundamental difference highlighted between PyDough and SQL regarding syntax and behavior assumptions
Under what specific circumstances must `TOP_K` be used instead of `ORDER_BY`?,"# When to Use TOP_K Instead of ORDER_BY in Pydough

Based on the documentation provided, I'll explain when `TOP_K` must be used instead of `ORDER_BY` in Pydough, focusing on their differences and specific use cases.

## Definitions and Basic Functionality

### ORDER_BY
`ORDER_BY` is used to sort a collection based on specified collation terms [9c4448e]:

```python
People.ORDER_BY(last_name.ASC(), first_name.ASC(), middle_name.ASC(na_pos=""last""))
```

The `ORDER_BY` operation only changes the order of records without limiting the number of records returned.

### TOP_K
`TOP_K` is similar to `ORDER_BY` but additionally limits the results to the first `k` values after sorting [efa530c]:

```python
People.CALCULATE(
    first_name,
    last_name,
    birth_date,
    n_packages=COUNT(packages)
).TOP_K(10, by=(n_packages.DESC(), ssn.ASC()))
```

The syntax is `.TOP_K(k, by=...)` where:
- `k` is a positive integer
- `by` is either a single collation term or an iterable of collation terms

## When TOP_K Must Be Used Instead of ORDER_BY

`TOP_K` must be used instead of `ORDER_BY` when you need to:

1. **Limit the number of results**: When you need only the top N records based on some ordering criteria [efa530c]

2. **Perform ""top N"" type queries**: For example, finding the top 10 people who have ordered the most packages [efa530c]

3. **Optimize performance for large datasets**: When you're only interested in a small subset of sorted results, using `TOP_K` is more efficient than sorting the entire collection with `ORDER_BY` and then limiting the results separately

## Key Examples from Documentation

### Example 1: Finding top customers by package count
```python
People.CALCULATE(
    first_name,
    last_name,
    birth_date,
    n_packages=COUNT(packages)
).TOP_K(10, by=(n_packages.DESC(), ssn.ASC()))
```
This finds the 10 people who have ordered the most packages, including their first/last name, birth date, and the number of packages. If there is a tie, it breaks it by the lowest SSN [efa530c].

### Example 2: Finding most recent packages
```python
Packages.TOP_K(5, by=order_date.DESC())
```
This finds the 5 most recently shipped packages, with ties broken arbitrarily [efa530c].

### Example 3: Finding addresses with recent packages
```python
default_date = datetime.date(1970, 1, 1)
most_recent_ship = DEFAULT_TO(MAX(packages_shipped.order_date), default_date)
most_recent_bill = DEFAULT_TO(MAX(packages_billed.order_date), default_date)
most_recent_package = IFF(most_recent_ship < most_recent_bill, most_recent_ship, most_recent_bill)
Addresses.TOP_K(10, by=most_recent_package.DESC())
```
This finds the 100 addresses that have most recently had packages either shipped or billed to them [efa530c].

### Example 4: Finding top spenders
```python
People.CALCULATE(
    first_name,
    last_name,
    total_package_cost=SUM(packages.package_cost)
).TOP_K(3, by=total_package_cost.DESC())
```
This finds the top 3 people who have spent the most money on packages [2ba30a5].

## Implementation Details

Looking at the plan reference solutions, we can see how `TOP_K` is implemented differently from `ORDER_BY`:

1. `TOP_K` translates to a `LIMIT` operation in the execution plan [6ebaab7]
2. The execution plan shows that `TOP_K` combines ordering and limiting in a single operation [bfb1945]

## Best Practices and Conventions

1. **Use the right tool for the job**: Use `TOP_K` when you need a limited number of results, and `ORDER_BY` when you need all results in a specific order

2. **Collation specifications**: Both `TOP_K` and `ORDER_BY` follow the same rules for collation terms [efa530c]:
   - Use `.ASC()` for ascending order
   - Use `.DESC()` for descending order
   - Specify `na_pos` as ""first"" or ""last"" to control null placement

3. **Configuration options**: Both operations respect the `collation_default_asc` and `propagate_collation` configs [d0f966d]

## Common Errors to Avoid

The documentation shows several bad examples for `TOP_K` [efa530c]:

1. Using properties that don't exist in the collection
2. Using plural properties without aggregation
3. Missing the `by` clause
4. Missing the `k` value
5. Using an empty `by` clause

## Summary

`TOP_K` must be used instead of `ORDER_BY` when you need to limit the number of results after sorting. While `ORDER_BY` only changes the order of records, `TOP_K` both sorts and limits the results to the top `k` values according to the specified ordering criteria. This makes `TOP_K` essential for top-N queries and can significantly improve performance when working with large datasets where only a small subset of sorted results is needed.","TOP_K, ORDER_BY"
"If a query requests a calculation 'year over year' without specifying years, how should the calculation be performed according to the rules?","# Pydough Year-over-Year Calculation Documentation

Based on the search results provided, I can explain how ""year over year"" calculations are performed in Pydough according to the conventions and patterns shown in the code examples.

## 1. Pydough-specific Functions and Patterns

When calculating year-over-year changes in Pydough, the following key functions and patterns are used:

### YEAR() Function
The `YEAR()` function extracts the year component from a date/timestamp field [280d953]:
```python
YEAR(order_date)
```

### LAG() Window Function
The `LAG()` function is used to access data from a previous row in the result set, which is essential for year-over-year comparisons [3a01f0f]:
```python
LAG(_t5.agg_0, 1) OVER (PARTITION BY _t4.symbol ORDER BY _t4.month)
```

### PREV() Function
The `PREV()` function appears to be a Pydough-specific alternative to LAG that accomplishes the same goal [e4db7e6]:
```python
PREV(args=[DEFAULT_TO(agg_0, 0:int64)], partition=[], order=[(year):asc_last])
```

## 2. Data Flow and Transformations

The typical data flow for year-over-year calculations involves:

1. **Extracting the year**: Using the `YEAR()` function to extract the year component from date fields [e3d1c58]:
   ```sql
   CAST(STRFTIME('%Y', orders.o_orderdate) AS INTEGER) AS o_year
   ```

2. **Grouping by year**: Aggregating data by year to get yearly totals [e3d1c58]:
   ```sql
   GROUP BY CAST(STRFTIME('%Y', orders.o_orderdate) AS INTEGER)
   ```

3. **Calculating the difference**: Computing the difference between the current year's value and the previous year's value [3a01f0f]:
   ```sql
   _t5.agg_0 - LAG(_t5.agg_0, 1) OVER (PARTITION BY _t4.symbol ORDER BY _t4.month)
   ```

4. **Computing the percentage change**: Dividing the difference by the previous year's value to get the percentage change [3a01f0f]:
   ```sql
   CAST((_t5.agg_0 - LAG(_t5.agg_0, 1) OVER (PARTITION BY _t4.symbol ORDER BY _t4.month)) AS REAL) / LAG(_t5.agg_0, 1) OVER (PARTITION BY _t4.symbol ORDER BY _t4.month) AS momc
   ```

## 3. Important Pydough Best Practices

From the examples, several best practices are demonstrated:

1. **Using DEFAULT_TO for null handling**: Ensuring that null values are replaced with defaults to avoid calculation errors [e4db7e6]:
   ```python
   DEFAULT_TO(agg_0, 0:int64)
   ```

2. **Proper ordering in window functions**: Ensuring the data is ordered correctly for accurate comparisons [3a01f0f]:
   ```sql
   OVER (PARTITION BY _t4.symbol ORDER BY _t4.month)
   ```

3. **Multiplication by 100.0 for percentage**: Converting decimal ratios to percentages by multiplying by 100.0 [e4db7e6]:
   ```python
   100.0:float64 * DEFAULT_TO(agg_0, 0:int64) - PREV(...) / PREV(...)
   ```

## 4. Pydough Conventions

The code follows Pydough conventions by:

1. Using the `CALCULATE` method to derive new fields [5fd24cf]:
   ```python
   PROJECT(columns={'current_year_orders': DEFAULT_TO(agg_0, 0:int64), 'pct_change': 100.0:float64 * ...})
   ```

2. Using `PARTITION` to group data for aggregation [5fd24cf]:
   ```python
   PARTITION(package_info, name=""packs"", by=month)
   ```

3. Using `ORDER_BY` to sort results [5fd24cf]:
   ```python
   ORDER_BY(month.ASC())
   ```

## 5. Addressing the Original Question

Based on the examples, when a query requests a ""year over year"" calculation without specifying years, the calculation should be performed by:

1. Comparing each year's value with the value from the previous year
2. Calculating either the absolute difference or the percentage change
3. Using all available years in the dataset, not just specific years

The formula for year-over-year percentage change is [e4db7e6]:
```python
pct_change = 100.0 * (current_year_value - previous_year_value) / previous_year_value
```

## 6. Key Examples

A clear example of year-over-year calculation is shown in [e4db7e6]:
```python
PROJECT(columns={'current_year_orders': DEFAULT_TO(agg_0, 0:int64), 'pct_change': 100.0:float64 * DEFAULT_TO(agg_0, 0:int64) - PREV(args=[DEFAULT_TO(agg_0, 0:int64)], partition=[], order=[(year):asc_last]) / PREV(args=[DEFAULT_TO(agg_0, 0:int64)], partition=[], order=[(year):asc_last]), 'year': year})
```

This calculates the percentage change in orders from the previous year to the current year.

Another example from [3a01f0f] shows a month-over-month calculation that follows the same pattern:
```sql
CAST((_t5.agg_0 - LAG(_t5.agg_0, 1) OVER (PARTITION BY _t4.symbol ORDER BY _t4.month)) AS REAL) / LAG(_t5.agg_0, 1) OVER (PARTITION BY _t4.symbol ORDER BY _t4.month) AS momc
```

## 7. Key Code Blocks and Definitions

The core pattern for year-over-year calculations in Pydough is [e4db7e6]:
```python
pct_change = 100.0 * (current_value - PREV(current_value)) / PREV(current_value)
```

Where:
- `current_value` is the value for the current year
- `PREV(current_value)` is the value for the previous year
- The result is multiplied by 100.0 to convert to a percentage

This pattern is consistent across the examples provided and represents the standard approach for year-over-year calculations in Pydough.",
What is the role of the `SINGULAR` function when dealing with calculations across multiple specific years (like 1995-1998)?,"# Documentation on the SINGULAR Function in PyDough

Based on the provided documentation, I'll explain the role of the `SINGULAR` function in PyDough, particularly when dealing with calculations across multiple specific years like 1995-1998.

## What is SINGULAR in PyDough?

The `SINGULAR` function in PyDough is used when accessing a sub-collection in a collection context where the data needs to be treated as singular with respect to the parent collection [edc4690]. 

In PyDough, when you're working with data that might contain multiple records (plural data) but you know that in your specific context it will only contain one record per parent entity, you need to explicitly tell PyDough this by using the `.SINGULAR()` modifier.

## Role of SINGULAR When Working with Multiple Years

When dealing with calculations across multiple specific years (like 1995-1998), the `SINGULAR` function becomes important because:

1. It allows you to access properties of filtered data that would otherwise be considered plural
2. It enables you to work with data from specific time periods that have been filtered to ensure singularity
3. It helps maintain data integrity when performing calculations across different time periods

## How SINGULAR Works

As explained in the documentation [edc4690]:

> In PyDough, it is required that if we are accessing a sub-collection in a collection context, the collection must be singular with regards to the sub-collection. Certain PyDough operations, such as specific filters, can cause plural data to become singular. In this case, PyDough will still ban the plural data from being treated as singular unless the `.SINGULAR()` modifier is used to tell PyDough that the data should be treated as singular.

## Good Examples from Documentation

### Example 1: Accessing the most recent package for each person

```py
%%pydough

most_recent_package = packages.WHERE(
    RANKING(by=order_date.DESC(), levels=1) == 1
).SINGULAR()

People.CALCULATE(
    ssn,
    first_name,
    middle_name,
    last_name,
    most_recent_package_cost=most_recent_package.package_cost
)
```

This example [edc4690] shows how `.SINGULAR()` is used after filtering packages to only the most recent one for each person. This is valid because the filter ensures there's only one record per person.

### Example 2: Accessing email of current occupants with specific names

```py
%%pydough

js = current_occupants.WHERE(
    (first_name == ""John"") &
    (last_name == ""Smith"") &
    ABSENT(middle_name)
).SINGULAR()

Addresses.CALCULATE(
    address_id,
    john_smith_email=DEFAULT_TO(js.email, ""NO JOHN SMITH LIVING HERE"")
)
```

This example [edc4690] demonstrates using `.SINGULAR()` after filtering to a specific subset of occupants, assuming each address has at most one occupant named ""John Smith"" without a middle name.

## Best Practices for Using SINGULAR

The documentation emphasizes an important best practice [edc4690]:

> It is very important that this only be used if the user is certain that the data will be singular, since otherwise it can result in undefined behavior when the PyDough code is executed.

When working with multiple years (like 1995-1998), you would typically:

1. Filter your data to the specific years you're interested in
2. Apply additional filters to ensure singularity if needed
3. Use `.SINGULAR()` to tell PyDough that the filtered data is singular with respect to the parent collection
4. Access properties of the singular data in your calculations

## Bad Example to Avoid

The documentation provides a bad example to avoid [edc4690]:

```py
%%pydough

Addresses.CALCULATE(
    package_id=current_occupants.WHERE(
        first_name == ""John""
    ).SINGULAR().packages.package_id
)
```

This is invalid because:
1. Each `Addresses` might have multiple `current_occupants` named `John`, making `.SINGULAR()` inappropriate
2. Even if `current_occupants` were singular after filtering, `packages` is a plural sub-collection of `current_occupants`

## Conclusion

When dealing with calculations across multiple specific years (like 1995-1998), the `SINGULAR` function in PyDough allows you to work with filtered data that you know is singular with respect to the parent collection. This is essential for accessing properties of filtered data in calculations that span multiple time periods, but must be used carefully to ensure data integrity.",
What prerequisite must be met before an attribute from a previous collection can be used in a subsequent operation?,"# Explanation of Pydough Attribute Prerequisites

## Original Question
What prerequisite must be met before an attribute from a previous collection can be used in a subsequent operation?

## Answer

Based on the provided documentation, the key prerequisite for using an attribute from a previous collection in a subsequent operation in Pydough is that **the attribute must be included in a CALCULATE clause** in the previous collection.

### Key Pydough Concepts and Patterns

In Pydough, data flows through collections, and attributes from previous collections can be accessed in subsequent operations only if they've been properly exposed through a CALCULATE operation. This is a fundamental pattern in Pydough's data flow model.

### Evidence from Documentation

The documentation explicitly states this requirement in the ""Bad Examples"" section under CALCULATE [79d3c82]:

**Bad Example #3**:
```python
People.packages.CALCULATE(email)
```

The explanation states: ""Even though `email` is a property of `People`, which is an ancestor of `packages`, it was not included in a `CALCULATE` of `People`, so it cannot be accessed by `packages`.""

**Bad Example #4**:
```python
People.CALCULATE(my_email=email).packages.CALCULATE(email)
```

The explanation states: ""This time, `email` was placed in a `CALCULATE`, but it was given a different name `my_email` which means that `my_email` has to be used to access it, instead of `email`.""

### How Pydough Handles Attribute Access

The documentation explains that when a CALCULATE clause is created [79d3c82]:

1. All terms of the current collection still exist even if they weren't part of the CALCULATE
2. They can still be referenced, but won't be part of the final answer
3. If multiple CALCULATE clauses exist, the last one determines what expressions are part of the final answer
4. Earlier CALCULATE clauses can be used to derive intermediary expressions
5. If a CALCULATE includes a term with the same name as an existing property, the existing name is overridden

### Pydough's Ancestral Context Mechanism

The documentation reveals that Pydough uses an ""ancestral context"" mechanism to manage attribute access between collections. From [7e1454c] and [64ab39a], we can see that Pydough tracks:

- `ancestor_context`: The ancestor context from which a collection is derived
- `ancestral_mapping`: A dictionary mapping terms to their positions in ancestor contexts
- `inherited_downstreamed_terms`: A set of terms inherited from ancestor contexts

### Best Practices Demonstrated

1. **Explicit CALCULATE for Downstream Use**: Always include attributes in a CALCULATE clause if they need to be used in subsequent operations.

2. **Consistent Naming**: When renaming attributes in a CALCULATE clause, use the new name consistently in subsequent operations.

3. **Proper Ancestry Understanding**: Understand the relationship between collections and how attributes flow through the ancestry chain.

### Example of Correct Usage

From [79d3c82], here's an example of correctly passing attributes between collections:

```python
People.CALCULATE(
    original_address=current_address.address_id,
    n_packages=COUNT(current_address.packages_billed_to),
).CALCULATE(
    ssn,
    pct=100.0 * COUNT(packages_billed_home) / n_packages
)
```

In this example, `original_address` and `n_packages` are defined in the first CALCULATE and can be used in the second CALCULATE.

### Technical Implementation Details

The implementation of this behavior is visible in several parts of the codebase:

1. In [ab1d8f4] and [baa4276], we see how Pydough manages collection metadata and properties.

2. In [22cfbb7], we see how Pydough handles property types and relationships between collections.

3. In [39359c8], we see the implementation of the CALCULATE operation which is crucial for attribute passing.

This prerequisite ensures that data flows in a controlled and predictable manner through Pydough operations, maintaining data integrity and preventing unexpected behaviors.",
Explain the limitation of the `CALCULATE` function regarding singular versus plural expressions.,"# Explanation of CALCULATE Function Limitations Regarding Singular vs. Plural Expressions in PyDough

The original question asks about the limitations of the `CALCULATE` function in PyDough regarding singular versus plural expressions. Based on the provided documentation, I'll explain this important concept in detail.

## Core Limitation of CALCULATE

The fundamental limitation of the `CALCULATE` function in PyDough is that **all expressions used within a `CALCULATE` must be singular with respect to the current context**. This means that for each record in the current collection, any expression in a `CALCULATE` must resolve to exactly one value (or be null) [fcc80aa].

As stated in the documentation:

> The value of one of these terms in a `CALCULATE` must be expressions that are singular with regards to the current context. [fcc80aa]

## Understanding Singular vs. Plural Expressions

### Singular Expressions

Singular expressions are those that return exactly one value (or null) for each record in the current context. The documentation [fcc80aa] lists what can be used in a `CALCULATE`:

1. Referencing scalar properties of the current collection
2. Creating literals
3. Referencing a singular expression of a sub-collection that is singular with regards to the current collection
4. Calling a non-aggregation function on more singular expressions
5. Calling an aggregation function on a plural expression

### Plural Expressions

Plural expressions are those that could potentially return multiple values for each record in the current context. These cannot be directly used in a `CALCULATE` without aggregation.

As explained in the documentation [4766684]:
> When terms of a plural sub-collection are accessed, those terms are plural with regards to the current collection. For example, if each nation in `Nations` has multiple `customers`, and each customer has a single `acctbal`, then `customers.acctbal` is plural with regards to `Nations` and cannot be used in any calculations when the current context is `Nations`.

## The SINGULAR Modifier

PyDough provides a `.SINGULAR()` modifier that can be used to tell PyDough that plural data should be treated as singular [edc4690]. This should only be used when you are certain the data will be singular, as otherwise it can result in undefined behavior.

From the documentation:
> In PyDough, it is required that if we are accessing a sub-collection in a collection context, the collection must be singular with regards to the sub-collection. Certain PyDough operations, such as specific filters, can cause plural data to become singular. In this case, PyDough will still ban the plural data from being treated as singular unless the `.SINGULAR()` modifier is used to tell PyDough that the data should be treated as singular. [edc4690]

## Examples Demonstrating the Limitation

### Good Example - Using Aggregation to Make Plural Data Singular

```python
People.CALCULATE(
    most_recent_package_year=YEAR(MAX(packages.order_date)),
    first_ever_package_year=YEAR(MIN(packages.order_date)),
)
```

In this example [29c3888], `packages.order_date` is plural with respect to `People` (since each person can have multiple packages), but the `MAX` and `MIN` aggregation functions make it singular.

### Bad Example - Trying to Use Plural Data Directly

```python
People.CALCULATE(packages.address_id)
```

This example [79d3c82] is invalid because `packages` is a plural property of `People`, so its properties cannot be included in a `CALCULATE` term of `People` unless aggregated.

### Good Example - Using SINGULAR() Correctly

```python
most_recent_package = packages.WHERE(
    RANKING(by=order_date.DESC(), levels=1) == 1
).SINGULAR()

People.CALCULATE(
    ssn,
    first_name,
    middle_name,
    last_name,
    most_recent_package_cost=most_recent_package.package_cost
)
```

This example [edc4690] is valid because the filter ensures there is only one record for each person, so `.SINGULAR()` is valid.

### Bad Example - Misusing SINGULAR()

```python
Addresses.CALCULATE(
    package_id=current_occupants.WHERE(
        first_name == ""John""
    ).SINGULAR().packages.package_id
)
```

This example [edc4690] is invalid because:
1. Each `Addresses` might have multiple `current_occupants` named `John`
2. Even if `current_occupants` were non-plural after using `SINGULAR`, `packages` is a plural sub-collection of `current_occupants`

## Real-World Example from Documentation

The documentation [09e9927] provides a clear example of this limitation:

```python
# This will result in an error
regions.CALCULATE(region_name=name, nation_name=nations.name)
```

This fails because there is a one-to-many relationship between regions and nations, so there isn't a single nation name for each region.

However, the reverse works fine:

```python
nations.CALCULATE(nation_name=name, region_name=region.name)
```

This works because every nation has exactly one region, making `region.name` singular with respect to nations.

## Best Practices

1. Use aggregation functions (like `SUM`, `AVG`, `COUNT`, `MAX`, etc.) to convert plural expressions to singular ones [4766684]
2. Only use `.SINGULAR()` when you are certain the data will be singular [edc4690]
3. Use filters like `WHERE` with appropriate conditions to ensure data is singular before using `.SINGULAR()` [edc4690]
4. Be aware of the relationships between your collections (one-to-one, one-to-many, many-to-many) [09e9927]

## Conclusion

The key limitation of the `CALCULATE` function in PyDough is that it requires all expressions to be singular with respect to the current context. This means each expression must resolve to exactly one value per record in the current collection. Plural expressions must be converted to singular ones through aggregation functions or carefully filtered and marked with `.SINGULAR()` when appropriate.","Explain the limitation of the `CALCULATE` function regarding singular versus plural expressions, CALCULATE"
How must plural sub-collections be handled within a `CALCULATE` function?,"# Handling Plural Sub-Collections within a `CALCULATE` Function in PyDough

## Overview

The original question asks how plural sub-collections must be handled within a `CALCULATE` function in PyDough. Based on the provided documentation, I'll explain the proper handling of plural sub-collections in PyDough's `CALCULATE` function.

## Key Concept: Singular vs. Plural in PyDough

In PyDough, a fundamental distinction exists between singular and plural data. When working with `CALCULATE`, all expressions must be singular with respect to the current context.

## How to Handle Plural Sub-Collections in `CALCULATE`

When a sub-collection is plural (meaning there can be multiple records of the sub-collection for each record of the parent collection), you cannot directly reference its properties in a `CALCULATE` function. Instead, you must use aggregation functions to make the plural data singular.

As stated in [e67e9de]:
```
# Invoking aggregation functions on plural data

Customers.CALCULATE(
  n_packages=COUNT(packages),
  home_has_had_packages_billed=HAS(current_address.billed_packages),
  avg_package_cost=AVG(packages.package_cost),
  n_states_shipped_to=NDISTINCT(packages.shipping_address.state),
  most_recent_package_ordered=MAX(packages.order_date),
)
```

## Aggregation Functions for Plural Sub-Collections

The following aggregation functions can be used to make plural data singular [4766684]:

1. `SUM`: Returns the sum of the plural set of numerical values
2. `AVG`: Takes the average of the plural set of numerical values
3. `MEDIAN`: Takes the median of the plural set of numerical values
4. `MIN`: Returns the smallest value from the set of values
5. `MAX`: Returns the largest value from the set of values
6. `ANYTHING`: Returns an arbitrary value from the set of values
7. `COUNT`: Returns how many non-null records exist in the plural set
8. `NDISTINCT`: Returns how many distinct values exist in the plural set
9. `HAS`: Returns `True` if at least one record of the sub-collection exists
10. `HASNOT`: Returns `True` if no records of the sub-collection exist

## Examples of Correct and Incorrect Usage

### Correct Usage Examples

From [e67e9de], here are examples of correctly handling plural sub-collections:

```
# Invoking aggregation functions on plural data
Customers.CALCULATE(
  n_packages=COUNT(packages),
  home_has_had_packages_billed=HAS(current_address.billed_packages),
  avg_package_cost=AVG(packages.package_cost),
  n_states_shipped_to=NDISTINCT(packages.shipping_address.state),
  most_recent_package_ordered=MAX(packages.order_date),
)
```

### Incorrect Usage Examples

From [b320089], here's an example of incorrect usage:
```
# Bad Example #8: For each person include their ssn and current address. This is invalid because a collection cannot be a `CALCULATE` term, and `current_address` is a sub-collection property of `People`. Instead, properties of `current_address` can be accessed.

People.CALCULATE(ssn, current_address)
```

From [2ba30a5], another incorrect example:
```
# Bad Example #3: For each person, list their first name, last name, and the sum of the package costs. This is invalid because `SUM` is an aggregation function and cannot be used in a `CALCULATE` term without specifying the sub-collection it should be applied to.

People.CALCULATE(first_name, last_name, total_cost=SUM(package_cost))
```

## Best Practices for Handling Plural Sub-Collections

1. **Always use aggregation functions**: When referencing properties of plural sub-collections, always use an appropriate aggregation function to make the data singular.

2. **Down-streaming**: As explained in [e67e9de], when an expression is defined inside a `CALCULATE` call, it is available to all descendants of the current context using the same name. This is called ""down-streaming"".

3. **Avoid name conflicts**: From [e67e9de]: ""To avoid ambiguity, this means that descendants invoke or create any properties they have that share a name with one of these terms from an ancestor `CALCULATE`. As a result, it is best practice to avoid using names in `CALCULATE` that exist elsewhere in the collections being used.""

## Example of Down-Streaming with Plural Sub-Collections

From [e67e9de]:
```
# Good Example #2: Count the total number of cases where a package is shipped to the current address of the customer who ordered it.

package_info = Addresses.CALCULATE(
  first_address_id=address_id
).current_occupants.packages.CALCULATE(
  is_shipped_to_current_addr=shipping_address.address_id == first_address_id
)

GRAPH.CALCULATE(n_cases=SUM(package_info.is_shipped_to_current_addr))
```

## Using SINGULAR() for Special Cases

In some cases, you can use the `.SINGULAR()` modifier to tell PyDough that a normally plural sub-collection should be treated as singular. This should only be used when you are certain the data will be singular [edc4690]:

```
# Good Example #1: Access the package cost of the most recent package ordered by each person. This is valid because even though `.packages` is plural with regards to `People`, the filter done will ensure that there is only one record for each record of `People`, so `.SINGULAR()` is valid.

most_recent_package = packages.WHERE(
  RANKING(by=order_date.DESC(), levels=1) == 1
).SINGULAR()

People.CALCULATE(
  ssn,
  first_name,
  middle_name,
  last_name,
  most_recent_package_cost=most_recent_package.package_cost
)
```

## Conclusion

To handle plural sub-collections within a `CALCULATE` function in PyDough:

1. Use aggregation functions (SUM, AVG, COUNT, etc.) to make plural data singular
2. Alternatively, use filtering with `.SINGULAR()` when you can guarantee the result will be singular
3. Follow best practices for down-streaming and avoiding name conflicts
4. Never directly reference properties of plural sub-collections without aggregation

This approach ensures that all expressions in a `CALCULATE` function remain singular with respect to the current context, which is a fundamental requirement in PyDough.",CALCULATE
"What type of construct is `RANKING` considered in PyDough (e.g., method, function)?","# Documentation for `RANKING` in PyDough

Based on the provided documentation, I can explain what type of construct `RANKING` is considered in PyDough.

## What is `RANKING` in PyDough?

`RANKING` is a window function in PyDough [a172ab8]. Window functions are special functions whose output depends on other records in the same context, such as finding the ranking of each record if all records were sorted.

According to the documentation [a172ab8]:

> The `RANKING` function returns ordinal position of the current record when all records in the current context are sorted by certain ordering keys.

## Key Details About `RANKING`

### Function Definition and Arguments

`RANKING` takes the following arguments [a172ab8]:

- `by`: 1+ collation values, either as a single expression or an iterable of expressions, used to order the records of the current context.
- `levels` (optional): argument for specifying which ancestor level the window function applies to.
- `allow_ties` (optional): boolean argument (default False) specifying whether to allow values that are tied to have the same rank value.
- `dense` (optional): boolean argument (default False) specifying how to handle rank values after ties.

### Examples of Usage

```python
# Rank customers per-nation by their account balance
# (highest = rank #1, no ties)
Nations.customers.CALCULATE(r = RANKING(by=acctbal.DESC(), levels=1))

# For every customer, finds their most recent order
# (ties allowed)
Customers.orders.WHERE(RANKING(by=order_date.DESC(), levels=1, allow_ties=True) == 1)
```

### Implementation Details

Looking at the PyDough codebase, we can see that window functions like `RANKING` are implemented as expression operators [f68e89a]. The `levels` parameter determines the scope of the ranking:

- If `levels=None` or `levels=3` in a context like `Regions.nations.customers.CALCULATE(r=RANKING(by=...))`, `r` is the ranking across all `customers`.
- If `levels=1`, `r` is the ranking of customers per-nation (meaning the ranking resets to 1 within each nation).
- If `levels=2`, `r` is the ranking of customers per-region (meaning the ranking resets to 1 within each region).

## How `RANKING` Fits in PyDough's Architecture

In PyDough's operator system, `RANKING` is registered as an expression function operator [8e03891]. This means it's part of PyDough's built-in functions that return expressions rather than collections.

The PyDough operators module defines various types of operators [8b38c51], and `RANKING` specifically belongs to the ""window functions"" category [ba91ed7].

## Conclusion

To directly answer the original question: `RANKING` is considered a **window function** in PyDough. It's implemented as an expression function operator that returns an expression value representing the rank of records within a specified context.

Window functions in PyDough are special because they operate across multiple records rather than just the current record, allowing for operations like ranking, percentile calculations, and relative positioning within a dataset.",What type of construct is `RANKING` considered in PyDough (e
