question,sql,similar_queries,response,extracted_python_code
List the total number of customers and suppliers in each nation. Order by nation name,"SELECT n_name AS nation_name, COUNT(DISTINCT c_custkey) AS total_customers, COUNT(DISTINCT s_suppkey) AS total_suppliers FROM nation LEFT JOIN customer ON n_nationkey = c_nationkey LEFT JOIN supplier ON n_nationkey = s_nationkey GROUP BY n_name;","1. Count customers and suppliers by region:

# Count customers and suppliers by region
nation_counts = regions.CALCULATE(
    region_name=name,
    n_customers=COUNT(nations.customers),
    n_suppliers=COUNT(nations.suppliers)
)","Here's how we can approach this:

1.  We need to start with the `nations` collection.
2.  For each nation, we need to count the number of customers and suppliers.
3.  Finally, we need to order the results by nation name.

Here's the PyDough code:

```python
nation_counts = nations.CALCULATE(
    nation_name=name,
    n_customers=COUNT(customers),
    n_suppliers=COUNT(suppliers)
).ORDER_BY(nation_name.ASC())
```

Explanation:

*   We start with the `nations` collection.
*   We use `CALCULATE` to create a new collection with the following fields:
    *   `nation_name`: The name of the nation.
    *   `n_customers`: The number of customers in the nation, calculated using `COUNT(customers)`.
    *   `n_suppliers`: The number of suppliers in the nation, calculated using `COUNT(suppliers)`.
*   Finally, we use `ORDER_BY` to sort the results by `nation_name` in ascending order.
","nation_counts = nations.CALCULATE(
    nation_name=name,
    n_customers=COUNT(customers),
    n_suppliers=COUNT(suppliers)
).ORDER_BY(nation_name.ASC())"
Find the top 5 nations with the highest number of orders placed by their customers in 1995.,"SELECT n_name AS nation_name, COUNT(o_orderkey) AS total_orders FROM nation JOIN customer ON n_nationkey = c_nationkey JOIN orders ON c_custkey = o_custkey WHERE o_orderdate >= '1995-01-01' AND o_orderdate <= '1995-12-31' GROUP BY n_name ORDER BY total_orders DESC LIMIT 5;","1. Top 5 nations by average order value in 1995:

orders_in_1995= customers.orders.WHERE(YEAR(order_date) == 1995)

top_5_nations = nations.CALCULATE(
    nation_name=name,
    average_orders= AVG(orders_in_1995), 
    order_count=COUNT(orders_in_1995)
).TOP_K(5, by=average_orders.DESC())","Okay, let's break this down. We need to find the top 5 nations with the most orders placed by their customers in 1995. Here's how we can approach this:

1.  **Start with the `nations` collection.** We want to rank nations.
2.  **Access the `customers` for each nation.** We need to consider orders placed by customers of each nation.
3.  **Access the `orders` for each customer.** We are interested in the orders placed by these customers.
4.  **Filter the orders to include only those placed in 1995.** We need to consider only orders from 1995.
5.  **Count the number of orders for each nation.** We need to count the orders placed by customers of each nation.
6.  **Rank the nations based on the order count.** We need to rank the nations based on the number of orders.
7.  **Select the top 5 nations.** We need to select the top 5 nations based on the ranking.

Here's the PyDough code:

```python
top_5_nations_by_orders_1995 = nations.CALCULATE(
    nation_name=name,
    order_count=COUNT(customers.orders.WHERE(YEAR(order_date) == 1995))
).TOP_K(5, by=order_count.DESC())
```

Explanation:

*   We start with the `nations` collection.
*   We use `CALCULATE` to create a new collection with the nation's name and the count of orders placed by customers in 1995.
    *   `nation_name=name` selects the name of the nation.
    *   `order_count=COUNT(customers.orders.WHERE(YEAR(order_date) == 1995))` counts the number of orders placed by customers of that nation in 1995.
*   We use `TOP_K(5, by=order_count.DESC())` to select the top 5 nations based on the order count in descending order.
","top_5_nations_by_orders_1995 = nations.CALCULATE(
    nation_name=name,
    order_count=COUNT(customers.orders.WHERE(YEAR(order_date) == 1995))
).TOP_K(5, by=order_count.DESC())"
"Find the region name with the highest total order value in 1996. The total order value is defined as potential revenue, defined as the sum of extended_price * (1 - discount)","SELECT r_name AS region_name, SUM(l_extendedprice * (1 - l_discount)) AS total_order_value FROM region JOIN nation ON r_regionkey = n_regionkey JOIN customer ON n_nationkey = c_nationkey JOIN orders ON c_custkey = o_custkey JOIN lineitem ON o_orderkey = l_orderkey WHERE o_orderdate >= '1996-01-01' AND o_orderdate <= '1996-12-31' GROUP BY r_name ORDER BY total_order_value DESC LIMIT 1;",,"Okay, let's break down this problem into smaller parts.

1.  **Objective:** Find the region with the highest total order value in 1996.
2.  **Total Order Value Definition:** The total order value is the sum of `extended_price * (1 - discount)` for all orders.
3.  **Year:** We are only considering orders placed in 1996.
4.  **Output:** We need to return the region's name and its total order value.

Here's the plan:

1.  Start with the `regions` collection.
2.  For each region, calculate the total order value for 1996. This involves navigating through nations, customers, and orders to reach the line items.
3.  Find the region with the maximum total order value.
4.  Return the region's name and the calculated total order value.

Here's the PyDough code:

```python
region_order_values_1996 = regions.CALCULATE(
    region_name=name,
    total_order_value=SUM(nations.customers.orders.WHERE(YEAR(order_date) == 1996).lines.CALCULATE(line_value=extended_price * (1 - discount)).line_value)
).TOP_K(1, by=total_order_value.DESC())
```

Explanation:

*   `regions.CALCULATE(...)`: We start with the `regions` collection and use `CALCULATE` to compute the total order value for each region.
*   `region_name=name`: We select the region's name.
*   `total_order_value=SUM(...)`: We calculate the sum of the order values.
*   `nations.customers.orders.WHERE(YEAR(order_date) == 1996)`: We navigate from regions to nations, then to customers, and finally to orders. We filter the orders to include only those placed in 1996.
*   `.lines.CALCULATE(line_value=extended_price * (1 - discount)).line_value`: For each order, we access the line items, calculate the `line_value` (extended price times (1 - discount)), and then sum these values.
*   `.TOP_K(1, by=total_order_value.DESC())`: Finally, we use `TOP_K` to select the region with the highest total order value.
","region_order_values_1996 = regions.CALCULATE(
    region_name=name,
    total_order_value=SUM(nations.customers.orders.WHERE(YEAR(order_date) == 1996).lines.CALCULATE(line_value=extended_price * (1 - discount)).line_value)
).TOP_K(1, by=total_order_value.DESC())"
Find the top 3 regions with the most distinct customers,"SELECT r_name AS region_name, COUNT(DISTINCT c_custkey) AS distinct_customers FROM region JOIN nation ON r_regionkey = n_regionkey JOIN customer ON n_nationkey = c_nationkey GROUP BY r_name ORDER BY distinct_customers DESC LIMIT 3;","1. Find the top 10 with the most distinct suppliers

top_regions = regions.CALCULATE(
    region_name=name,
    suppliers_count=NDISTINCT(nations.suppliers.key))
).TOP_K(10, by=customer_count.DESC())""
","Okay, let's break down the task:

1.  We need to find the number of distinct customers for each region.
2.  Then, we need to rank the regions based on the count of distinct customers.
3.  Finally, we need to select the top 3 regions with the highest number of distinct customers.

Here's how we can approach this using PyDough:

1.  Start with the `regions` collection.
2.  For each region, calculate the number of distinct customers using `NDISTINCT(nations.customers.key)`.
3.  Use `TOP_K` to select the top 3 regions based on the calculated distinct customer count.

```python
top_regions = regions.CALCULATE(
    region_name=name,
    customer_count=NDISTINCT(nations.customers.key)
).TOP_K(3, by=customer_count.DESC())
```

Explanation:

*   `regions.CALCULATE(...)`: This starts with the `regions` collection and uses `CALCULATE` to create new fields.
*   `region_name=name`: This assigns the region's name to the `region_name` field.
*   `customer_count=NDISTINCT(nations.customers.key)`: This calculates the number of distinct customers for each region by navigating through `nations` and then `customers`, and counting the distinct customer keys.
*   `.TOP_K(3, by=customer_count.DESC())`: This selects the top 3 regions based on the `customer_count` in descending order.
","top_regions = regions.CALCULATE(
    region_name=name,
    customer_count=NDISTINCT(nations.customers.key)
).TOP_K(3, by=customer_count.DESC())"
Find the names of all customers and number of orders placed in 1995 in Europe who have an account balance greater than $700 and placed at least one order in 1995. Sorted in descending order by the number of orders.,"SELECT c.c_name AS customer_name, COUNT(o.o_orderkey) AS order_count_1995 FROM customer c JOIN nation n ON c.c_nationkey = n.n_nationkey JOIN region r ON n.n_regionkey = r.r_regionkey JOIN orders o ON c.c_custkey = o.o_custkey WHERE r.r_name = 'EUROPE' AND c.c_acctbal > 700 AND o.o_orderdate BETWEEN '1995-01-01' AND '1995-12-31' GROUP BY c.c_name, c.c_acctbal ORDER BY order_count_1995 DESC, c.c_acctbal DESC;",,"Okay, let's break down this request and construct the PyDough code.

**Understanding the Requirements**

The goal is to find customers in Europe who meet specific criteria:

1.  **Location:**  Must be in Europe.
2.  **Account Balance:**  Must have an account balance greater than $700.
3.  **Order Activity:**  Must have placed at least one order in 1995.
4.  **Output:**  We need the customer's name and the number of orders they placed in 1995.
5.  **Sorting:**  The results should be sorted in descending order based on the number of orders.

**Database Relationships**

*   `customers` collection has customer information, including `acctbal`, `name`, and `nation_key`.
*   `nations` collection links customers to nations and has a `region_key`.
*   `regions` collection has region information, including the `name` (e.g., ""EUROPE"").
*   `orders` collection is linked to customers and has `order_date`.

**PyDough Code Construction**

Here's the PyDough code to achieve this:

```python
european_customers_1995 = regions.WHERE(name == ""EUROPE"").nations.customers.CALCULATE(
    customer_name=name,
    num_orders=COUNT(orders.WHERE(YEAR(order_date) == 1995))
).WHERE((acctbal > 700) & (num_orders > 0)).ORDER_BY(num_orders.DESC())
```

**Explanation:**

1.  **`regions.WHERE(name == ""EUROPE"")`**:  Start with the `regions` collection and filter for the region named ""EUROPE"".
2.  **`.nations.customers`**:  Navigate from the ""EUROPE"" region to its associated nations and then to the customers in those nations.
3.  **`.CALCULATE(...)`**:  Calculate the following for each customer:
    *   `customer_name=name`: Select the customer's name.
    *   `num_orders=COUNT(orders.WHERE(YEAR(order_date) == 1995))`: Count the number of orders placed by the customer in 1995.
4.  **`.WHERE((acctbal > 700) & (num_orders > 0))`**:  Filter the customers based on the following conditions:
    *   `acctbal > 700`:  Account balance greater than $700.
    *   `num_orders > 0`:  At least one order placed in 1995.
5.  **`.ORDER_BY(num_orders.DESC())`**:  Sort the results in descending order based on the `num_orders` (number of orders).
","european_customers_1995 = regions.WHERE(name == ""EUROPE"").nations.customers.CALCULATE(
    customer_name=name,
    num_orders=COUNT(orders.WHERE(YEAR(order_date) == 1995))
).WHERE((acctbal > 700) & (num_orders > 0)).ORDER_BY(num_orders.DESC())"
"Find suppliers in each nation who have a total availqty of more than 1000 units of parts with 'BRASS' in their type. List the supplier name, nation name, and the sum of the parts supplied.","SELECT s.s_name AS SupplierName, n.n_name AS Nation, SUM(ps.ps_availqty) AS TotalUnitsSupplied FROM supplier s JOIN nation n ON s.s_nationkey = n.n_nationkey JOIN partsupp ps ON s.s_suppkey = ps.ps_suppkey JOIN part p ON ps.ps_partkey = p.p_partkey WHERE p.p_type LIKE '%BRASS%' GROUP BY s.s_name, n.n_name HAVING SUM(ps.ps_availqty) > 1000 ORDER BY TotalUnitsSupplied DESC;",,"Okay, let's break down this request into smaller parts:

1.  We need to find suppliers in each nation.
2.  We need to filter parts with 'BRASS' in their type.
3.  We need to calculate the total `availqty` of these parts for each supplier.
4.  We need to filter suppliers who have a total `availqty` of more than 1000.
5.  We need to list the supplier name, nation name, and the sum of the parts supplied.

Here's the PyDough code I'll generate:

```python
supplier_brass_parts = nations.CALCULATE(nation_name=name).suppliers.CALCULATE(
    supplier_name=name, nation_name=nation_name, total_brass_qty=SUM(supply_records.WHERE(CONTAINS(part.part_type, 'BRASS')).availqty)
).WHERE(total_brass_qty > 1000).CALCULATE(supplier_name=supplier_name, nation_name=nation_name, total_parts_brass=total_brass_qty)
```

This code:

1.  Starts with the `nations` collection and calculates the `nation_name`.
2.  Accesses the `suppliers` sub-collection and calculates the `supplier_name`, `nation_name`, and `total_brass_qty`. The `total_brass_qty` is calculated by summing the `availqty` of `supply_records` where the `part.part_type` contains 'BRASS'.
3.  Filters the suppliers to include only those where `total_brass_qty` is greater than 1000.
4.  Calculates the `supplier_name`, `nation_name`, and `total_parts_brass` for the filtered suppliers.
","supplier_brass_parts = nations.CALCULATE(nation_name=name).suppliers.CALCULATE(
    supplier_name=name, nation_name=nation_name, total_brass_qty=SUM(supply_records.WHERE(CONTAINS(part.part_type, 'BRASS')).availqty)
).WHERE(total_brass_qty > 1000).CALCULATE(supplier_name=supplier_name, nation_name=nation_name, total_parts_brass=total_brass_qty)"
Find parts names that are supplied by at least five different nations. Show the part name and the count of distinct nations that supply each part,"SELECT p.P_NAME AS PartName, COUNT(DISTINCT n.N_NAME) AS NumberOfNations FROM PART p JOIN PARTSUPP ps ON p.P_PARTKEY = ps.PS_PARTKEY JOIN SUPPLIER s ON ps.PS_SUPPKEY = s.S_SUPPKEY JOIN NATION n ON s.S_NATIONKEY = n.N_NATIONKEY GROUP BY p.P_NAME HAVING COUNT(DISTINCT n.N_NAME) > 5 ORDER BY NumberOfNations DESC;",,"Okay, let's break this down.

1.  We need to partition the `parts` collection by `name`.
2.  For each part, we need to find the distinct count of nations that supply it.
3.  We need to filter those parts that are supplied by at least five different nations.
4.  Finally, we need to show the part name and the count of distinct nations that supply each part.

Here's the PyDough code:

```python
part_nation_counts = PARTITION(parts, name='part_group', by=name).CALCULATE(
    part_name=name,
    distinct_nation_count=NDISTINCT(part_group.supply_records.supplier.nation_key)
).WHERE(distinct_nation_count >= 5)
```

Explanation:

1.  `PARTITION(parts, name='part_group', by=name)`: This partitions the `parts` collection by the `name` field, creating a partition named `part_group`.
2.  `.CALCULATE(...)`: This calculates the required fields for each partition.
    *   `part_name=name`: This selects the name of the part.
    *   `distinct_nation_count=NDISTINCT(part_group.supply_records.supplier.nation_key)`: This counts the distinct nation keys for each part by navigating through `supply_records`, `supplier`, and then accessing the `nation_key`.
3.  `.WHERE(distinct_nation_count >= 5)`: This filters the results to include only those parts that are supplied by at least five different nations.
","part_nation_counts = PARTITION(parts, name='part_group', by=name).CALCULATE(
    part_name=name,
    distinct_nation_count=NDISTINCT(part_group.supply_records.supplier.nation_key)
).WHERE(distinct_nation_count >= 5)"
"Which 10 customers purchased the highest quantity of products with 'green' in the product name during 1998? Provide their names, adress and the total quantity ordered.","SELECT c_name AS customer_name, c_address AS customer_address, SUM(l_quantity) AS total_quantity_ordered FROM customer JOIN orders ON c_custkey = o_custkey JOIN lineitem ON o_orderkey = l_orderkey JOIN part ON l_partkey = p_partkey WHERE p_name LIKE '%green%' AND strftime('%Y', o_orderdate) = '1998' GROUP BY c_name, c_address ORDER BY total_quantity_ordered DESC LIMIT 10;",,"Okay, let's break down this request into smaller parts:

1.  We need to identify the customers who purchased products with 'green' in the product name.
2.  We need to filter these purchases to only include those made in 1998.
3.  We need to calculate the total quantity of products purchased by each customer that match the criteria.
4.  We need to select the top 10 customers based on the total quantity ordered.
5.  We need to provide their names, addresses, and the total quantity ordered.

Here's how we can approach this using PyDough:

```python
top_customers = customers.CALCULATE(
    customer_name=name,
    customer_address=address,
    total_quantity=SUM(
        orders.WHERE(YEAR(order_date) == 1998).lines.WHERE(CONTAINS(part.name, 'green')).quantity
    )
).TOP_K(10, by=total_quantity.DESC())
```

Explanation:

1.  We start with the `customers` collection.
2.  We use `CALCULATE` to create new fields: `customer_name`, `customer_address`, and `total_quantity`.
3.  `customer_name` is assigned the value of the `name` field from the `customers` collection.
4.  `customer_address` is assigned the value of the `address` field from the `customers` collection.
5.  `total_quantity` is calculated using `SUM`. We sum the `quantity` from the `lines` collection, but only for lines that meet specific criteria.
6.  The criteria are defined using nested `WHERE` clauses:
    *   `orders.WHERE(YEAR(order_date) == 1998)` filters the orders to only include those placed in 1998.
    *   `lines.WHERE(CONTAINS(part.name, 'green'))` filters the lines to only include those where the `part.name` contains 'green'.
7.  Finally, we use `TOP_K(10, by=total_quantity.DESC())` to select the top 10 customers based on the `total_quantity` in descending order.
","top_customers = customers.CALCULATE(
    customer_name=name,
    customer_address=address,
    total_quantity=SUM(
        orders.WHERE(YEAR(order_date) == 1998).lines.WHERE(CONTAINS(part.name, 'green')).quantity
    )
).TOP_K(10, by=total_quantity.DESC())"
Which is the average discount applied on orders for each market segment? Sorted in descending order,"SELECT c_mktsegment AS market_segment, AVG(l_discount) AS average_discount FROM customer JOIN orders ON c_custkey = o_custkey JOIN lineitem ON o_orderkey = l_orderkey GROUP BY c_mktsegment;","1. Average shipping delay by supplier:
```python
avg_shipping_delay_by_supplier = suppliers.CALCULATE(
    supplier_name=name,
    average_shipping_delay=AVG(lines.ship_date - lines.commit_date)
)
```
2. Average price by part size:
```python
avg_price_by_part_size = GROUP_BY(
    parts,
    name= ""part"",
 by=(part_size)
).CALCULATE(
 part_size= part_size,
 average_retail_price= AVG(part.retail_price)
)```","Okay, let's break down this request:

1.  We need to calculate the average discount applied on orders for each market segment.
2.  We need to sort the results in descending order of the average discount.

Here's how we can approach this:

1.  Start with the `customers` collection since it contains the `mktsegment` field.
2.  For each customer, access their orders.
3.  For each order, calculate the average discount of its lines.
4.  Partition by `mktsegment` and calculate the average of the average discounts.
5.  Sort the result in descending order.

Here's the PyDough code:

```python
market_segment_avg_discount = customers.CALCULATE(
    mktsegment=mktsegment,
    avg_discount=AVG(orders.lines.discount)
).ORDER_BY(avg_discount.DESC())
```

Explanation:

*   We start with the `customers` collection.
*   We use `CALCULATE` to create a new collection with two fields:
    *   `mktsegment`: The market segment of the customer.
    *   `avg_discount`: The average discount of all lines in all orders for that customer.
*   Finally, we use `ORDER_BY` to sort the results in descending order of the average discount.
","market_segment_avg_discount = customers.CALCULATE(
    mktsegment=mktsegment,
    avg_discount=AVG(orders.lines.discount)
).ORDER_BY(avg_discount.DESC())"
What were the 20 most popular products (parts) within each market segment in 1998?,"WITH ProductPopularity AS (SELECT c_mktsegment AS market_segment, p_name AS product_name, SUM(l_quantity) AS total_quantity FROM customer JOIN orders ON c_custkey = o_custkey JOIN lineitem ON o_orderkey = l_orderkey JOIN part ON l_partkey = p_partkey WHERE strftime('%Y', o_orderdate) = '1998' GROUP BY c_mktsegment, p_name) SELECT market_segment, product_name, total_quantity FROM (SELECT market_segment, product_name, total_quantity, ROW_NUMBER() OVER (PARTITION BY market_segment ORDER BY total_quantity DESC) AS rank FROM ProductPopularity) WHERE rank <= 20;",,"Okay, let's break this down into smaller parts.

1.  **Initial Data**: We need to start with the `customers` collection since we want to group by market segment.
2.  **Filter by Year**: Filter the orders to only include those from 1998.
3.  **Partition by Market Segment**: Group the data by market segment.
4.  **Count Orders per Product**: For each market segment, count the number of orders for each product.
5.  **Rank Products**: Rank the products within each market segment based on their order count.
6.  **Filter Top 20**: Filter the results to retrieve only the top 20 products per market segment.
7.  **Return Results**: Return the market segment, product name, and order count.

The error message `Unrecognized term of simple table collection 'lines' in graph 'TPCH': 'customer'` indicates that we are trying to access `customer.segment` from the `lines` collection, which is not a valid relationship. The `lines` collection does not have a direct relationship to the `customer` collection.

Here's the corrected PyDough code:

```python
segment_part_sales = customers.CALCULATE(segment=mktsegment).orders.WHERE(YEAR(order_date) == 1998).lines.CALCULATE(segment=order.customer.mktsegment, part_name=part.name)

top_per_segment = PARTITION(
    segment_part_sales,
    name='segment_group',
    by=segment
).CALCULATE(
    segment=segment,
    part_name=segment_group.part_name,
    total_sold=COUNT(segment_group.part_name),
    rank=RANKING(by=COUNT(segment_group.part_name).DESC(), levels=1)
).WHERE(rank <= 20).ORDER_BY(segment.ASC(), COUNT(segment_group.part_name).DESC())
```

Explanation:

1.  **Calculate initial data**:
    *   `segment_part_sales = customers.CALCULATE(segment=mktsegment).orders.WHERE(YEAR(order_date) == 1998).lines.CALCULATE(segment=order.customer.mktsegment, part_name=part.name)`: This line calculates the market segment for each customer, filters orders from 1998, and then calculates the market segment and part name for each line item.  The `segment` is now accessed via `order.customer.mktsegment` instead of `customer.segment` from the `lines` collection.
2.  **Partition by Market Segment**:
    *   `PARTITION(segment_part_sales, name='segment_group', by=segment)`: This partitions the data by market segment, creating a group for each segment.
3.  **Calculate Order Count and Rank**:
    *   `.CALCULATE(segment=segment, part_name=segment_group.part_name, total_sold=COUNT(segment_group.part_name), rank=RANKING(by=COUNT(segment_group.part_name).DESC(), levels=1))`: This calculates the total number of times each part was sold within each segment and then ranks the parts within each segment based on the total sold count.
4.  **Filter Top 20**:
    *   `.WHERE(rank <= 20)`: This filters the results to only include the top 20 parts within each segment based on their rank.
5.  **Order Results**:
    *   `.ORDER_BY(segment.ASC(), COUNT(segment_group.part_name).DESC())`: This orders the results first by market segment in ascending order and then by the total number of parts sold in descending order.

```python
segment_part_sales = customers.CALCULATE(segment=mktsegment).orders.WHERE(YEAR(order_date) == 1998).lines.CALCULATE(segment=order.customer.mktsegment, part_name=part.name)

top_per_segment = PARTITION(
    segment_part_sales,
    name='segment_group',
    by=segment
).CALCULATE(
    segment=segment,
    part_name=segment_group.part_name,
    total_sold=COUNT(segment_group.part_name),
    rank=RANKING(by=COUNT(segment_group.part_name).DESC(), levels=1)
).WHERE(rank <= 20).ORDER_BY(segment.ASC(), COUNT(segment_group.part_name).DESC())
```","segment_part_sales = customers.CALCULATE(segment=mktsegment).orders.WHERE(YEAR(order_date) == 1998).lines.CALCULATE(segment=order.customer.mktsegment, part_name=part.name)

top_per_segment = PARTITION(
    segment_part_sales,
    name='segment_group',
    by=segment
).CALCULATE(
    segment=segment,
    part_name=segment_group.part_name,
    total_sold=COUNT(segment_group.part_name),
    rank=RANKING(by=COUNT(segment_group.part_name).DESC(), levels=1)
).WHERE(rank <= 20).ORDER_BY(segment.ASC(), COUNT(segment_group.part_name).DESC())"
Retrieves the top 3 suppliers with the highest total sales for each region,"WITH SupplierSales AS (SELECT r_name AS region_name, s_name AS supplier_name, SUM(l_extendedprice * l_quantity) AS total_sales FROM region JOIN nation ON r_regionkey = n_regionkey JOIN supplier ON n_nationkey = s_nationkey JOIN lineitem ON s_suppkey = l_suppkey JOIN orders ON l_orderkey = o_orderkey GROUP BY r_name, s_name) SELECT region_name, supplier_name, total_sales FROM (SELECT region_name, supplier_name, total_sales, ROW_NUMBER() OVER (PARTITION BY region_name ORDER BY total_sales DESC) AS rank FROM SupplierSales) WHERE rank <= 3;",,"Okay, I understand the requirement. Here's the breakdown of the task:

1.  Calculate the total sales for each supplier within each region. Total sales is defined as `extended_price * quantity`.
2.  Rank the suppliers within each region based on their total sales.
3.  Select the top 3 suppliers from each region based on their rank.
4.  Display the region name, supplier name, and total sales for these top suppliers.

Here's the PyDough code to achieve this:

```python
region_supplier_sales = regions.CALCULATE(
    region_name=name
).nations.suppliers.CALCULATE(
    supplier_name=name,
    region_name=region_name,
    total_sales=SUM(lines.extended_price * lines.quantity)
)

ranked_suppliers = region_supplier_sales.CALCULATE(
    region_name=region_name,
    supplier_name=supplier_name,
    total_sales=total_sales,
    supplier_rank=RANKING(by=total_sales.DESC(), levels=2)
).WHERE(supplier_rank <= 3)
```

Explanation:

1.  `region_supplier_sales`: This calculates the total sales for each supplier within each region.
    *   It starts with the `regions` collection and calculates the `region_name`.
    *   Then, it navigates to the `nations` and then to the `suppliers` sub-collections.
    *   It calculates the `supplier_name`, `region_name`, and `total_sales` (sum of `extended_price * quantity` from the `lines` collection).
2.  `ranked_suppliers`: This ranks the suppliers within each region based on their total sales and filters for the top 3.
    *   It takes the `region_supplier_sales` collection and calculates the `region_name`, `supplier_name`, and `total_sales`.
    *   It uses the `RANKING` function to assign a rank to each supplier within each region based on their `total_sales` in descending order (`total_sales.DESC()`). The `levels=2` argument ensures that the ranking is done within each region.
    *   Finally, it filters the results using `WHERE(supplier_rank <= 3)` to select only the top 3 suppliers from each region.
","region_supplier_sales = regions.CALCULATE(
    region_name=name
).nations.suppliers.CALCULATE(
    supplier_name=name,
    region_name=region_name,
    total_sales=SUM(lines.extended_price * lines.quantity)
)

ranked_suppliers = region_supplier_sales.CALCULATE(
    region_name=region_name,
    supplier_name=supplier_name,
    total_sales=total_sales,
    supplier_rank=RANKING(by=total_sales.DESC(), levels=2)
).WHERE(supplier_rank <= 3)"
"For each European country, list the number of customers and the number of orders they placed in 1995, including customers who didn't place any orders that year.","SELECT n_name AS country_name, COUNT(DISTINCT c_custkey) AS total_customers, COUNT(DISTINCT CASE WHEN o_orderdate >= '1995-01-01' AND o_orderdate <= '1995-12-31' THEN o_orderkey END) AS total_orders_1995 FROM nation JOIN region ON n_regionkey = r_regionkey JOIN customer ON n_nationkey = c_nationkey LEFT JOIN orders ON c_custkey = o_custkey WHERE r_name = 'EUROPE' GROUP BY n_name;",,"Okay, let's break this down. We need to:

1. Filter for European countries.
2. For each European country, count the number of customers.
3. For each European country, count the number of orders placed in 1995, including customers who didn't place any orders that year.

The error message 'Cannot select type of argument 0 out of [customers.orders.WHERE(YEAR(order_date) == 1995)]' indicates that we are trying to use a collection where a singular expression is expected, specifically within the `SUM` function. `SUM` expects a field to aggregate, not a collection. To fix this, we need to count the orders using `COUNT` and ensure we are passing the correct argument to it.

Here's how we can approach this in PyDough:

```python
european_customer_order_counts = nations.WHERE(region.name == ""EUROPE"").CALCULATE(
    nation_name=name,
    num_customers=COUNT(customers),
    num_orders_1995=SUM(customers.CALCULATE(num_orders = COUNT(orders.WHERE(YEAR(order_date) == 1995))).num_orders)
)
```

Explanation:

1. `nations.WHERE(region.name == ""EUROPE"")`: This filters the `nations` collection to include only nations that belong to the ""EUROPE"" region.
2. `.CALCULATE(...)`: This calculates the required fields for each European nation:
    * `nation_name=name`: This selects the name of the nation.
    * `num_customers=COUNT(customers)`: This counts the total number of customers in each nation.
    * `num_orders_1995=SUM(customers.CALCULATE(num_orders = COUNT(orders.WHERE(YEAR(order_date) == 1995))).num_orders)`: This counts the number of orders placed in 1995 by customers in each nation. The `SUM` function is used here because `COUNT` does not support filtering within the count.

```python
european_customer_order_counts = nations.WHERE(region.name == ""EUROPE"").CALCULATE(
    nation_name=name,
    num_customers=COUNT(customers),
    num_orders_1995=SUM(customers.CALCULATE(num_orders = COUNT(orders.WHERE(YEAR(order_date) == 1995))).num_orders)
)
```","european_customer_order_counts = nations.WHERE(region.name == ""EUROPE"").CALCULATE(
    nation_name=name,
    num_customers=COUNT(customers),
    num_orders_1995=SUM(customers.CALCULATE(num_orders = COUNT(orders.WHERE(YEAR(order_date) == 1995))).num_orders)
)"
Retrieve the customer name of the customers who placed more orders in 1995 than in 1994,"SELECT c_name AS customer_name FROM customer JOIN orders ON c_custkey = o_custkey WHERE (strftime('%Y', o_orderdate) = '1994' OR strftime('%Y', o_orderdate) = '1995') GROUP BY c_custkey, c_name HAVING SUM(CASE WHEN strftime('%Y', o_orderdate) = '1995' THEN 1 ELSE 0 END) > SUM(CASE WHEN strftime('%Y', o_orderdate) = '1994' THEN 1 ELSE 0 END);",,"Here's how we can approach this problem:

1.  For each customer, count the number of orders placed in 1995 and 1994.
2.  Filter the customers where the order count in 1995 is greater than in 1994.
3.  Retrieve the customer name for the filtered customers.

Here's the PyDough code:

```python
customer_order_counts = customers.CALCULATE(
    customer_name=name,
    orders_1995=COUNT(orders.WHERE(YEAR(order_date) == 1995)),
    orders_1994=COUNT(orders.WHERE(YEAR(order_date) == 1994))
).WHERE(orders_1995 > orders_1994).CALCULATE(customer_name=customer_name)
```

Explanation:

*   `customers.CALCULATE(...)`: This starts with the `customers` collection and uses `CALCULATE` to create new fields.
*   `customer_name=name`: Selects the customer's name.
*   `orders_1995=COUNT(orders.WHERE(YEAR(order_date) == 1995))`: Counts the number of orders placed by each customer in 1995.
*   `orders_1994=COUNT(orders.WHERE(YEAR(order_date) == 1994))`: Counts the number of orders placed by each customer in 1994.
*   `.WHERE(orders_1995 > orders_1994)`: Filters the customers to include only those where the number of orders in 1995 is greater than in 1994.
*   `.CALCULATE(customer_name=customer_name)`: Selects the customer's name.
","customer_order_counts = customers.CALCULATE(
    customer_name=name,
    orders_1995=COUNT(orders.WHERE(YEAR(order_date) == 1995)),
    orders_1994=COUNT(orders.WHERE(YEAR(order_date) == 1994))
).WHERE(orders_1995 > orders_1994).CALCULATE(customer_name=customer_name)"
Which is the average order value per Nation? List the nation name and average order value. The order value is defined as extended_price * quantity,"SELECT n_name AS nation_name, AVG(l_extendedprice * l_quantity) AS average_order_value FROM nation JOIN customer ON n_nationkey = c_nationkey JOIN orders ON c_custkey = o_custkey JOIN lineitem ON o_orderkey = l_orderkey GROUP BY n_name;",,"Okay, let's break this down. The user wants to partition the `nations` collection by `name` and then calculate the average order value for each nation. The average order value is defined as the average of `extended_price * quantity`.

Here's the approach:

1.  **Partition**: Partition the `nations` collection by `name`.
2.  **Calculate**: Calculate the average order value for each partition. This involves accessing the customers, their orders, and the lines within those orders to compute the average of `extended_price * quantity`.
3.  **Return**: Return the `nation_name` and `average_order_value`.

Here's the PyDough code:

```python
nation_avg_order_value = PARTITION(nations, name='nation_group', by=name).CALCULATE(
    nation_name=name,
    average_order_value=AVG(nation_group.customers.orders.lines.CALCULATE(order_value=extended_price * quantity).order_value)
)
```

Explanation:

*   `PARTITION(nations, name='nation_group', by=name)`: This partitions the `nations` collection by the `name` field, creating a partition named `nation_group`.
*   `.CALCULATE(...)`: This calculates the required fields for each partition.
    *   `nation_name=name`: This selects the name of the nation.
    *   `average_order_value=AVG(...)`: This calculates the average order value.
        *   `nation_group.customers.orders.lines`: This navigates through the relationships to access the line items for each order of each customer in each nation.
        *   `.CALCULATE(order_value=extended_price * quantity)`: This calculates the order value for each line item.
        *   `AVG(nation_group.customers.orders.lines.CALCULATE(order_value=extended_price * quantity).order_value)`: This calculates the average of the calculated order values.

","nation_avg_order_value = PARTITION(nations, name='nation_group', by=name).CALCULATE(
    nation_name=name,
    average_order_value=AVG(nation_group.customers.orders.lines.CALCULATE(order_value=extended_price * quantity).order_value)
)"
What 3 product brands saw the largest positive change in quantity sold from 1995 to 1996.,"WITH sales_1995 AS (
    SELECT
        p.p_brand,
        SUM(l.l_quantity) as total_quantity
    FROM
        lineitem l
    JOIN
        part p ON l.l_partkey = p.p_partkey
    JOIN
        orders o ON l.l_orderkey = o.o_orderkey
    WHERE
        strftime('%Y', o.o_orderdate) = '1995'
    GROUP BY
        p.p_brand
),

sales_1996 AS (
    SELECT
        p.p_brand,
        SUM(l.l_quantity) as total_quantity
    FROM
        lineitem l
    JOIN
        part p ON l.l_partkey = p.p_partkey
    JOIN
        orders o ON l.l_orderkey = o.o_orderkey
    WHERE
        strftime('%Y', o.o_orderdate) = '1996'
    GROUP BY
        p.p_brand
)

SELECT
    s96.p_brand as brand,
    COALESCE(s95.total_quantity, 0) as qty_1995,
    s96.total_quantity as qty_1996,
    (s96.total_quantity - COALESCE(s95.total_quantity, 0)) as quantity_change
FROM
    sales_1996 s96
LEFT JOIN
    sales_1995 s95 ON s96.p_brand = s95.p_brand
WHERE
    (s96.total_quantity - COALESCE(s95.total_quantity, 0)) > 0
ORDER BY
    quantity_change DESC
LIMIT 3;",,"```python
line_info = lines.CALCULATE(
    part_brand=part.brand,
    order_year=YEAR(order.order_date),
    line_quantity=quantity
)

brand_sales = PARTITION(line_info, name='brand_group', by=part_brand).CALCULATE(
    brand_name=part_brand,
    quantity_1995=SUM(brand_group.WHERE(order_year == 1995).line_quantity),
    quantity_1996=SUM(brand_group.WHERE(order_year == 1996).line_quantity)
)

difference = brand_sales.CALCULATE(
    brand_name=brand_name,
    quantity_1995=quantity_1995,
    quantity_1996=quantity_1996,
    sales_difference=quantity_1996 - quantity_1995
).WHERE(sales_difference > 0)

top_3_brands = difference.TOP_K(3, by=sales_difference.DESC())
```

**Explanation:**

1.  **`line_info`**:
    *   Renamed `brand` to `part_brand` to avoid potential conflicts with the `brand_group` partition name.
    *   Renamed `year` to `order_year` for clarity.
    *   Renamed `quantity` to `line_quantity` for clarity.
2.  **`brand_sales`**:
    *   Partitioned by `part_brand` instead of `brand` to match the renamed field.
    *   Access the `line_quantity` field instead of `quantity`
    *   The `brand_name` is assigned the value of `part_brand`
3.  **`difference`**:
    *   Renamed `difference` to `sales_difference` to avoid confusion with the method name.
4.  **`top_3_brands`**:
    *   Sort by `sales_difference.DESC()` instead of `difference.DESC()` to match the renamed field.
","line_info = lines.CALCULATE(
    part_brand=part.brand,
    order_year=YEAR(order.order_date),
    line_quantity=quantity
)

brand_sales = PARTITION(line_info, name='brand_group', by=part_brand).CALCULATE(
    brand_name=part_brand,
    quantity_1995=SUM(brand_group.WHERE(order_year == 1995).line_quantity),
    quantity_1996=SUM(brand_group.WHERE(order_year == 1996).line_quantity)
)

difference = brand_sales.CALCULATE(
    brand_name=brand_name,
    quantity_1995=quantity_1995,
    quantity_1996=quantity_1996,
    sales_difference=quantity_1996 - quantity_1995
).WHERE(sales_difference > 0)

top_3_brands = difference.TOP_K(3, by=sales_difference.DESC())"
"What is the total revenue generated by each customer in 1994? Sorted by total revenue in descending order. The total revenue value is defined as the sum of extended_price * (1 - discount) What is the total revenue generated by each customer in 1994? The total revenue value is defined as the sum of extended_price * (1 - discount). Return the customer key, customer name and total revenue","SELECT c.c_custkey AS custkey, c.c_name AS cust_name, COALESCE(SUM(l.l_extendedprice * (1 - l.l_discount)), 0) AS total_revenue FROM customer c LEFT JOIN orders o ON c.c_custkey = o.o_custkey AND strftime('%Y', o.o_orderdate) = '1994' LEFT JOIN lineitem l ON o.o_orderkey = l.l_orderkey GROUP BY c.c_custkey ORDER BY total_revenue DESC;",,"Okay, let's break down this request:

1.  We need to calculate the total revenue generated by each customer in 1994.
2.  Total revenue is defined as the sum of `extended_price * (1 - discount)`.
3.  We need to sort the results by total revenue in descending order.
4.  We need to return the customer key, customer name, and total revenue.

Here's how we can approach this:

1.  Start with the `customers` collection.
2.  Access the `orders` for each customer.
3.  Filter the orders to include only those from 1994.
4.  For each order, access the `lines` and calculate `extended_price * (1 - discount)`.
5.  Sum these values to get the total revenue for each customer.
6.  Sort the results by total revenue in descending order.
7.  Select the customer key, customer name, and total revenue.

Here's the PyDough code:

```python
customer_revenue_1994 = customers.CALCULATE(
    customer_key=key,
    customer_name=name,
    total_revenue=SUM(
        orders.WHERE(YEAR(order_date) == 1994).lines.CALCULATE(
            line_revenue=extended_price * (1 - discount)
        ).line_revenue
    )
).ORDER_BY(total_revenue.DESC())
```

Explanation:

*   We start with the `customers` collection.
*   We use `CALCULATE` to create new fields: `customer_key`, `customer_name`, and `total_revenue`.
*   `total_revenue` is calculated by summing the `line_revenue` for each customer's orders in 1994.
*   `line_revenue` is calculated as `extended_price * (1 - discount)` for each line item.
*   We use `ORDER_BY` to sort the results by `total_revenue` in descending order.
","customer_revenue_1994 = customers.CALCULATE(
    customer_key=key,
    customer_name=name,
    total_revenue=SUM(
        orders.WHERE(YEAR(order_date) == 1994).lines.CALCULATE(
            line_revenue=extended_price * (1 - discount)
        ).line_revenue
    )
).ORDER_BY(total_revenue.DESC())"
"Find all customers whose name ends with a zero and are in the 30-lowest account balances. Show the customer key, name and account balance","SELECT c_custkey, c_name, c_acctbal FROM customer WHERE c_name LIKE '%0' ORDER BY c_acctbal ASC LIMIT 30;",,"Okay, let's break this down into smaller parts.

1.  We need to access the `customers` collection.
2.  We need to filter the customers whose names end with a zero.
3.  We need to find the 30 customers with the lowest account balances.
4.  We need to show the customer key, name, and account balance.

Here's the PyDough code:

```python
customers_with_zero_ending_name_lowest_acctbal = customers.WHERE(ENDSWITH(name, ""0"")).TOP_K(30, by=acctbal.ASC()).CALCULATE(
    customer_key=key, customer_name=name, customer_acctbal=acctbal
)
```

Explanation:

*   `customers.WHERE(ENDSWITH(name, ""0""))`: This filters the customers to include only those whose names end with ""0"".
*   `.TOP_K(30, by=acctbal.ASC())`: This selects the top 30 customers with the lowest account balances (ascending order).
*   `.CALCULATE(customer_key=key, customer_name=name, customer_acctbal=acctbal)`: This selects the customer key, name, and account balance for the filtered and sorted customers.
","customers_with_zero_ending_name_lowest_acctbal = customers.WHERE(ENDSWITH(name, ""0"")).TOP_K(30, by=acctbal.ASC()).CALCULATE(
    customer_key=key, customer_name=name, customer_acctbal=acctbal
)"
"For each of the 5 largest part sizes, find the part of that size with the largest retail price","WITH top_sizes AS (SELECT DISTINCT p_size FROM part ORDER BY p_size DESC LIMIT 5), ranked_parts AS (SELECT p.p_partkey, p.p_name, p.p_size, p.p_retailprice, RANK() OVER (PARTITION BY p.p_size ORDER BY p.p_retailprice DESC) AS price_rank FROM part p WHERE p.p_size IN (SELECT p_size FROM top_sizes)) SELECT p_partkey, p_name, p_size, p_retailprice FROM ranked_parts WHERE price_rank = 1 ORDER BY p_size DESC, p_retailprice DESC;",,"Okay, let's break this down.

1.  We need to partition the `parts` collection by `size`.
2.  We need to find the 5 largest part sizes based on some criteria (since the description is ambiguous, I'll assume it's based on the count of parts for each size).
3.  Within each of those top 5 sizes, we need to rank the parts by `retail_price` and select the top one.

Here's the PyDough code:

```python
partitioned_parts = PARTITION(parts, name='part_group', by=size)

top_5_sizes = partitioned_parts.CALCULATE(
    size=size,
    count=COUNT(part_group)
).TOP_K(5, by=count.DESC())

ranked_parts = top_5_sizes.part_group.CALCULATE(
    part_name=name,
    retail_price=retail_price,
    size=size,
    rank=RANKING(by=retail_price.DESC(), levels=1)
).WHERE(rank == 1)
```

Explanation:

1.  `partitioned_parts = PARTITION(parts, name='part_group', by=size)`: This line partitions the `parts` collection by the `size` attribute. The partitioned data is named `part_group`.
2.  `top_5_sizes = partitioned_parts.CALCULATE(...)`: This calculates the count of parts for each size and selects the top 5 sizes based on the count.
3.  `ranked_parts = top_5_sizes.part_group.CALCULATE(...)`: This accesses the `part_group` (the partitioned data) for each of the top 5 sizes. It then calculates the rank of each part within that size based on the `retail_price` in descending order. Finally, it filters the results to only include the part with the highest `retail_price` (rank == 1) for each size.
","partitioned_parts = PARTITION(parts, name='part_group', by=size)

top_5_sizes = partitioned_parts.CALCULATE(
    size=size,
    count=COUNT(part_group)
).TOP_K(5, by=count.DESC())

ranked_parts = top_5_sizes.part_group.CALCULATE(
    part_name=name,
    retail_price=retail_price,
    size=size,
    rank=RANKING(by=retail_price.DESC(), levels=1)
).WHERE(rank == 1)"
"For each region, calculate the average percentage of purchases made from suppliers in that region belonging to the most common part type shipped from the supplier region to the customer region, averaging across all customer region. Only considers lineitems from June of 1992 where the container is small. To know if a container is small the container should start with SM","WITH part_counts AS (
  SELECT 
    rs.R_NAME AS supp_region,
    rc.R_NAME AS cust_region,
    p.P_TYPE AS p_type,
    COUNT(*) AS type_count
  FROM lineitem l
  JOIN part p ON l.L_PARTKEY = p.P_PARTKEY
  JOIN supplier s ON l.L_SUPPKEY = s.S_SUPPKEY
  JOIN nation ns ON s.S_NATIONKEY = ns.N_NATIONKEY
  JOIN region rs ON ns.N_REGIONKEY = rs.R_REGIONKEY
  JOIN orders o ON l.L_ORDERKEY = o.O_ORDERKEY
  JOIN customer c ON o.O_CUSTKEY = c.C_CUSTKEY
  JOIN nation nc ON c.C_NATIONKEY = nc.N_NATIONKEY
  JOIN region rc ON nc.N_REGIONKEY = rc.R_REGIONKEY
  WHERE l.L_SHIPDATE BETWEEN '1992-06-01' AND '1992-06-30'
    AND  p.P_CONTAINER LIKE 'SM%'
  GROUP BY rs.R_NAME, rc.R_NAME, p.P_TYPE
),
region_customer AS (
  SELECT 
    supp_region,
    cust_region,
    SUM(type_count) AS total_count,
    MAX(type_count) AS max_type_count
  FROM part_counts
  GROUP BY supp_region, cust_region
),
region_avg AS (
  SELECT 
    supp_region,
    AVG(100.0 * max_type_count / total_count) AS avg_percentage
  FROM region_customer
  GROUP BY supp_region
)
SELECT 
  supp_region AS region,
  avg_percentage
FROM region_avg
ORDER BY region;
",,"Okay, this is a complex query. Let's break it down to make sure I understand it correctly.

1.  **Goal:** For each region, calculate the average percentage of purchases made from suppliers in that region belonging to the most common part type shipped from the supplier region to the customer region, averaging across all customer region.
2.  **Scope:** Only consider lineitems from June of 1992 where the container is small.
3.  **Small Container Definition:** A container is considered small if its name starts with ""SM"".

Here's a more detailed breakdown:

*   **Regions:** We need to iterate through each region.
*   **Supplier Region:** For each region, we need to consider suppliers located in that region.
*   **Customer Region:** We need to consider customers located in different regions.
*   **Line Items:** We need to filter line items based on the following criteria:
    *   Month: June (MONTH(order\_date) == 6)
    *   Year: 1992 (YEAR(order\_date) == 1992)
    *   Container Size: Starts with ""SM"" (STARTSWITH(part.container, ""SM""))
*   **Most Common Part Type:** For each supplier region and customer region combination, we need to find the most common part type.
*   **Percentage of Purchases:** Calculate the percentage of purchases made from suppliers in the supplier's region for the most common part type.
*   **Average Across Customer Regions:** Average these percentages across all customer regions for each supplier region.

Given the complexity and the need to calculate the most common part type, I'll need to use PARTITION to group the data and perform the calculations.

The error is: `Unrecognized term of simple table collection 'regions' in graph 'TPCH': 'lines'`. This indicates that we are trying to access `lines` directly from `regions`, which is not a valid relationship. We need to traverse the correct relationships: `regions -> nations -> suppliers -> lines`.

Here's the corrected PyDough code I'll generate:

```python
line_items_june_1992 = lines.WHERE((MONTH(order.order_date) == 6) & (YEAR(order.order_date) == 1992) & STARTSWITH(part.container, ""SM""))

supplier_customer_part_type = line_items_june_1992.CALCULATE(
    supplier_region_key=supplier.nation.region_key,
    customer_region_key=order.customer.nation.region_key,
    part_type=part.part_type
)

part_type_counts = PARTITION(supplier_customer_part_type, name=""s_c_p"", by=(supplier_region_key, customer_region_key, part_type)).CALCULATE(
    supplier_region_key=supplier_region_key,
    customer_region_key=customer_region_key,
    part_type=part_type,
    part_type_count=COUNT(s_c_p)
)

most_common_part_type = PARTITION(part_type_counts, name=""ptc"", by=(supplier_region_key, customer_region_key)).CALCULATE(
    supplier_region_key=supplier_region_key,
    customer_region_key=customer_region_key,
    most_common_part_type=TOP_K(1, by=SUM(ptc.part_type_count).DESC()).SINGULAR().part_type
)

supplier_region_purchases = supplier_customer_part_type.CALCULATE(
    supplier_region_key=supplier_region_key,
    customer_region_key=customer_region_key,
    part_type=part_type
).WHERE(part_type == most_common_part_type.most_common_part_type)

percentage_purchases = PARTITION(supplier_region_purchases, name=""srp"", by=supplier_region_key).CALCULATE(
    supplier_region_key=supplier_region_key,
    percentage=100.0 * COUNT(srp) / COUNT(supplier_customer_part_type.WHERE(supplier_region_key == srp.supplier_region_key))
)

average_percentage_by_region = regions.CALCULATE(
    region_name=name,
    average_percentage=AVG(percentage_purchases.percentage)
)
```

Explanation:

1.  **`line_items_june_1992`**: Filters the `lines` collection to include only line items from June 1992 with small containers.
2.  **`supplier_customer_part_type`**: Calculates the supplier region key, customer region key, and part type for each line item.
3.  **`part_type_counts`**: Partitions the data by supplier region key, customer region key and part_type and counts the occurrences of each part type.
4.  **`most_common_part_type`**: Partitions the data again by supplier region key and customer region key and finds the most common part type using `TOP_K(1, by=part_type_count.DESC())`.
5.  **`supplier_region_purchases`**: Filters the `supplier_customer_part_type` collection to include only purchases of the most common part type.
6.  **`percentage_purchases`**: Partitions the data by supplier region key and calculates the percentage of purchases made from suppliers in that region for the most common part type.
7.  **`average_percentage_by_region`**: Calculates the average percentage of purchases for each region by averaging the percentages.

**Important Considerations:**

*   This code assumes that the `key` field in the `regions` collection corresponds to the `region_key` used in the `nations` collection.
*   The query is complex and may be computationally expensive. Consider optimizing the query if performance is an issue.
*   The `SINGULAR()` function is used after `TOP_K(1, ...)` to extract the single most common part type. This assumes that there is always a single most common part type. If there are ties, the function will return one of the tied part types arbitrarily.
*   I have removed the unnecessary `WHERE` clause in `average_percentage_by_region` as it was causing the error and was not needed for the calculation.
","line_items_june_1992 = lines.WHERE((MONTH(order.order_date) == 6) & (YEAR(order.order_date) == 1992) & STARTSWITH(part.container, ""SM""))

supplier_customer_part_type = line_items_june_1992.CALCULATE(
    supplier_region_key=supplier.nation.region_key,
    customer_region_key=order.customer.nation.region_key,
    part_type=part.part_type
)

part_type_counts = PARTITION(supplier_customer_part_type, name=""s_c_p"", by=(supplier_region_key, customer_region_key, part_type)).CALCULATE(
    supplier_region_key=supplier_region_key,
    customer_region_key=customer_region_key,
    part_type=part_type,
    part_type_count=COUNT(s_c_p)
)

most_common_part_type = PARTITION(part_type_counts, name=""ptc"", by=(supplier_region_key, customer_region_key)).CALCULATE(
    supplier_region_key=supplier_region_key,
    customer_region_key=customer_region_key,
    most_common_part_type=TOP_K(1, by=SUM(ptc.part_type_count).DESC()).SINGULAR().part_type
)

supplier_region_purchases = supplier_customer_part_type.CALCULATE(
    supplier_region_key=supplier_region_key,
    customer_region_key=customer_region_key,
    part_type=part_type
).WHERE(part_type == most_common_part_type.most_common_part_type)

percentage_purchases = PARTITION(supplier_region_purchases, name=""srp"", by=supplier_region_key).CALCULATE(
    supplier_region_key=supplier_region_key,
    percentage=100.0 * COUNT(srp) / COUNT(supplier_customer_part_type.WHERE(supplier_region_key == srp.supplier_region_key))
)

average_percentage_by_region = regions.CALCULATE(
    region_name=name,
    average_percentage=AVG(percentage_purchases.percentage)
)"
"Break down how many customers, by country code of their phone number (only including customers from certain country codes), have not placed an order but have an account balance that is above the average for all positive account balances of such customers. Also include the total balance for all such customers for each country code. The country codes to include are 13, 23, 29, 30, 18 and 17.","WITH CountryAvg AS (
    SELECT 
        SUBSTR(C_PHONE, 1, INSTR(C_PHONE, '-') - 1) AS country_code,
        AVG(C_ACCTBAL) AS avg_balance
    FROM Customer
    WHERE C_ACCTBAL > 0
        AND CAST(SUBSTR(C_PHONE, 1, INSTR(C_PHONE, '-') - 1) AS INTEGER) IN (13, 23, 29, 30, 18, 17)
    GROUP BY country_code
)
SELECT 
    c.country_code,
    COUNT(*) AS customer_count,
    SUM(c.C_ACCTBAL) AS total_balance
FROM (
    SELECT 
        SUBSTR(C_PHONE, 1, INSTR(C_PHONE, '-') - 1) AS country_code,
        C_CUSTKEY,
        C_ACCTBAL
    FROM Customer
) c
LEFT JOIN Orders o ON c.C_CUSTKEY = o.O_CUSTKEY
INNER JOIN CountryAvg ca ON c.country_code = ca.country_code
WHERE o.O_CUSTKEY IS NULL
    AND c.C_ACCTBAL > ca.avg_balance
GROUP BY c.country_code;",,"```python
country_codes = (""13"", ""23"", ""29"", ""30"", ""18"", ""17"")

filtered_customers = customers.WHERE(
    (HASNOT(orders) == 1) &
    ISIN(phone[:2], country_codes) &
    (acctbal > 0)
).CALCULATE(
    country_code=phone[:2],
    acctbal=acctbal
)

avg_balance = filtered_customers.CALCULATE(
    avg_acctbal=RELAVG(acctbal)
)

above_avg_customers = avg_balance.WHERE(acctbal > avg_acctbal)

customer_summary = PARTITION(above_avg_customers, name=""cust"", by=country_code).CALCULATE(
    country_code=country_code,
    num_customers=COUNT(cust),
    total_balance=SUM(cust.acctbal)
)
```

**Explanation:**

1.  **`country_codes`**: Defines a tuple of country codes to filter by.
2.  **`filtered_customers`**:
    *   Filters the `customers` collection to include only those who have not placed orders (`HASNOT(orders) == 1`), whose phone number starts with one of the specified country codes (`ISIN(phone[:2], country_codes)`), and have a positive account balance (`acctbal > 0`).
    *   Calculates the `country_code` from the phone number and includes the `acctbal` for later calculations.
3.  **`avg_balance`**:
    *   Calculates the average account balance (`avg_acctbal`) for the filtered customers using `RELAVG`.
4.  **`above_avg_customers`**:
    *   Filters the customers whose account balance is above the calculated average (`acctbal > avg_acctbal`).
5.  **`customer_summary`**:
    *   Partitions the filtered customers by the `country_code`.
    *   Calculates the number of customers (`num_customers`) and the total account balance (`total_balance`) for each country code.
    *   Selects the country code, number of customers, and total balance for each group.

**Corrections Made:**

*   The error was in the PARTITION function, where `phone[:2]` was used directly. PARTITION requires a reference to a scalar property of the collection. To fix this, I calculated `country_code` in the `filtered_customers` step and then used `country_code` as the partition key.
*   Added `acctbal > 0` to the initial `WHERE` clause to only consider customers with positive account balances from the start.
*   Included `acctbal=acctbal` in the `CALCULATE` of `filtered_customers` to ensure that the account balance is available for later calculations.
*   The `avg_balance` calculation was separated into its own `CALCULATE` step to ensure that the average account balance is calculated correctly before filtering.
*   Created a new collection `above_avg_customers` to filter customers whose account balance is above the average.
","country_codes = (""13"", ""23"", ""29"", ""30"", ""18"", ""17"")

filtered_customers = customers.WHERE(
    (HASNOT(orders) == 1) &
    ISIN(phone[:2], country_codes) &
    (acctbal > 0)
).CALCULATE(
    country_code=phone[:2],
    acctbal=acctbal
)

avg_balance = filtered_customers.CALCULATE(
    avg_acctbal=RELAVG(acctbal)
)

above_avg_customers = avg_balance.WHERE(acctbal > avg_acctbal)

customer_summary = PARTITION(above_avg_customers, name=""cust"", by=country_code).CALCULATE(
    country_code=country_code,
    num_customers=COUNT(cust),
    total_balance=SUM(cust.acctbal)
)"
Find the names of all customers and the number of orders placed in 1995 in Europe that placed a least one order in that same year. Sorted in descending order by the number of orders.,"SELECT
    c.c_name AS customer_name,
    COUNT(o.o_orderkey) AS order_count
FROM
    customer c
JOIN
    orders o ON c.c_custkey = o.o_custkey
JOIN
    nation n ON c.c_nationkey = n.n_nationkey
WHERE
    strftime('%Y', o.o_orderdate) = '1995'
    AND n.n_regionkey = (
        SELECT r_regionkey
        FROM region
        WHERE r_name = 'EUROPE'
    )
GROUP BY
    c.c_custkey, c.c_name
ORDER BY
    order_count DESC;",,"Okay, let's break this down into smaller parts.

1.  We need to find customers in Europe.
2.  We need to count the number of orders each customer placed in 1995.
3.  We need to filter out customers who didn't place any orders in 1995.
4.  We need to sort the results in descending order by the number of orders.
5.  We need to return the customer's name and the number of orders.

Here's the PyDough code:

```python
european_customer_orders = regions.WHERE(name == ""EUROPE"").nations.customers.CALCULATE(
    customer_name=name,
    num_orders=COUNT(orders.WHERE(YEAR(order_date) == 1995))
).WHERE(num_orders > 0).ORDER_BY(num_orders.DESC())
```

Explanation:

1.  `regions.WHERE(name == ""EUROPE"").nations.customers`: This starts from the `regions` collection, filters for the region named ""EUROPE"", and then navigates to the `nations` within that region and then to the `customers` in those nations.
2.  `.CALCULATE(customer_name=name, num_orders=COUNT(orders.WHERE(YEAR(order_date) == 1995)))`: This calculates the `customer_name` and the `num_orders` placed by each customer in 1995. The `COUNT` function counts the number of orders where the year is 1995.
3.  `.WHERE(num_orders > 0)`: This filters the results to include only customers who placed at least one order in 1995.
4.  `.ORDER_BY(num_orders.DESC())`: This sorts the results in descending order based on the number of orders.
","european_customer_orders = regions.WHERE(name == ""EUROPE"").nations.customers.CALCULATE(
    customer_name=name,
    num_orders=COUNT(orders.WHERE(YEAR(order_date) == 1995))
).WHERE(num_orders > 0).ORDER_BY(num_orders.DESC())"
"List customers who ordered in 1996 but not in 1997 with a total spent of over 1000$. Include the number of months since the last order (relative to the current date) and sort by total spent, highest first.","SELECT
  customer_name,
  total_spent,
  months_since_last_order
FROM (
  SELECT
    total_spent AS ordering_4,
    customer_name,
    months_since_last_order,
    total_spent
  FROM (
    SELECT
      agg_2,
      agg_3,
      customer_name,
      months_since_last_order,
      total_spent
    FROM (
      SELECT
        agg_2,
        customer_name,
        key,
        months_since_last_order,
        total_spent
      FROM (
        SELECT
          COALESCE(agg_1, 0) AS total_spent,
          name AS customer_name,
          (
            CAST(STRFTIME('%Y', DATETIME('now')) AS INTEGER) - CAST(STRFTIME('%Y', agg_0) AS INTEGER)
          ) * 12 + CAST(STRFTIME('%m', DATETIME('now')) AS INTEGER) - CAST(STRFTIME('%m', agg_0) AS INTEGER) AS months_since_last_order,
          key
        FROM (
          SELECT
            agg_0,
            agg_1,
            key,
            name
          FROM (
            SELECT
              c_custkey AS key,
              c_name AS name
            FROM main.CUSTOMER
          )
          LEFT JOIN (
            SELECT
              MAX(order_date) AS agg_0,
              SUM(total_price) AS agg_1,
              customer_key
            FROM (
              SELECT
                o_custkey AS customer_key,
                o_orderdate AS order_date,
                o_totalprice AS total_price
              FROM main.ORDERS
            )
            GROUP BY
              customer_key
          )
            ON key = customer_key
        )
      )
      LEFT JOIN (
        SELECT
          COUNT() AS agg_2,
          customer_key
        FROM (
          SELECT
            customer_key
          FROM (
            SELECT
              o_custkey AS customer_key,
              o_orderdate AS order_date
            FROM main.ORDERS
          )
          WHERE
            CAST(STRFTIME('%Y', order_date) AS INTEGER) = 1996
        )
        GROUP BY
          customer_key
      )
        ON key = customer_key
    )
    LEFT JOIN (
      SELECT
        COUNT() AS agg_3,
        customer_key
      FROM (
        SELECT
          customer_key
        FROM (
          SELECT
            o_custkey AS customer_key,
            o_orderdate AS order_date
          FROM main.ORDERS
        )
        WHERE
          CAST(STRFTIME('%Y', order_date) AS INTEGER) = 1997
      )
      GROUP BY
        customer_key
    )
      ON key = customer_key
  )
  WHERE
    (
      (
        COALESCE(agg_2, 0) > 0
      ) = 1
    )
    AND (
      (
        COALESCE(agg_3, 0) = 0
      ) = 1
    )
    AND (
      total_spent > 1000
    )
)
ORDER BY
  ordering_4 DESC",,"Okay, let's break this down into smaller parts.

1.  **Identify customers who ordered in 1996:** We need to find customers who have orders with `YEAR(order_date) == 1996`.
2.  **Identify customers who did NOT order in 1997:** We need to exclude customers who have orders with `YEAR(order_date) == 1997`.
3.  **Total spent over $1000:** We need to filter customers whose total spending (sum of `orders.total_price`) is greater than 1000.
4.  **Number of months since the last order:** We need to calculate the difference in months between the current date and the most recent order date for each customer.
5.  **Sort by total spent (highest first):** We need to sort the results by the total spent in descending order.

Here's the PyDough code:

```python
customers_1996_not_1997 = customers.CALCULATE(
    total_spent=SUM(orders.total_price),
    ordered_in_1996=HAS(orders.WHERE(YEAR(order_date) == 1996))==1,
    ordered_in_1997=HAS(orders.WHERE(YEAR(order_date) == 1997))==1,
    last_order_date=MAX(orders.order_date)
).WHERE(
    (total_spent > 1000) &
    (ordered_in_1996 == True) &
    (ordered_in_1997 == False)
).CALCULATE(
    months_since_last_order=DATEDIFF(""months"", last_order_date, DATETIME('now'))
).ORDER_BY(total_spent.DESC())
```

**Explanation:**

1.  **Initial CALCULATE:**
    *   `total_spent=SUM(orders.total_price)`: Calculates the total spending for each customer.
    *   `ordered_in_1996=HAS(orders.WHERE(YEAR(order_date) == 1996))==1`: Checks if the customer placed any orders in 1996.
    *   `ordered_in_1997=HAS(orders.WHERE(YEAR(order_date) == 1997))==1`: Checks if the customer placed any orders in 1997.
    *   `last_order_date=MAX(orders.order_date)`: Finds the most recent order date for each customer.
2.  **WHERE Clause:**
    *   `(total_spent > 1000)`: Filters for customers with total spending greater than 1000.
    *   `(ordered_in_1996 == True)`: Filters for customers who ordered in 1996.
    *   `(ordered_in_1997 == False)`: Filters for customers who did not order in 1997.
3.  **Second CALCULATE:**
    *   `months_since_last_order=DATEDIFF(""months"", last_order_date, DATETIME('now'))`: Calculates the number of months between the last order date and the current date.
4.  **ORDER\_BY Clause:**
    *   `ORDER_BY(total_spent.DESC())`: Sorts the results by total spending in descending order.
","customers_1996_not_1997 = customers.CALCULATE(
    total_spent=SUM(orders.total_price),
    ordered_in_1996=HAS(orders.WHERE(YEAR(order_date) == 1996))==1,
    ordered_in_1997=HAS(orders.WHERE(YEAR(order_date) == 1997))==1,
    last_order_date=MAX(orders.order_date)
).WHERE(
    (total_spent > 1000) &
    (ordered_in_1996 == True) &
    (ordered_in_1997 == False)
).CALCULATE(
    months_since_last_order=DATEDIFF(""months"", last_order_date, DATETIME('now'))
).ORDER_BY(total_spent.DESC())"
What is the february 1996 SPM for the almond antique blue royal burnished part in China? SPM (Selling Profit Margin) = (Total Amount from Sells - (Tax + Commission)) / Total Amount from Sells * 100,"SELECT
  ROUND(
    (
      (
        -- Total Sales (Revenue after discount)
        SUM(l.l_extendedprice) 
        - 
        (
          -- Total Tax (on discounted sales)
          SUM(l.l_extendedprice  * l.l_tax) 
          + 
          -- Total Commission (discount amount)
          SUM(l.l_extendedprice * l.l_discount)
        )
      ) 
      / 
      SUM(l.l_extendedprice) 
    ) * 100, 2
  ) AS spm
FROM part p
JOIN lineitem l ON p.p_partkey = l.l_partkey
JOIN orders o ON l.l_orderkey = o.o_orderkey
JOIN customer c ON o.o_custkey = c.c_custkey
JOIN nation n ON c.c_nationkey = n.n_nationkey
WHERE
  -- Match the part name (case-sensitive wildcards)
  p.p_name LIKE '%rosy%black%navajo%cream%sky%'
  -- Filter for February 1996 orders
  AND strftime('%Y-%m', o.o_orderdate) = '1996-02'
  -- Optional: Filter for a specific nation (e.g., China)
  -- AND n.n_name = 'CHINA';",,"Okay, let's break down this request into smaller parts.

Here's what we need to calculate:

1.  **Total Sales Amount**: This is derived from the total number of orders placed in 1996.
2.  **Tax**: The tax amount for the specified part.
3.  **Commission**: The commission amount (not directly available, so we'll assume it's zero or needs to be clarified).
4.  **SPM Formula**: `((Total Sales Amount - (Tax + Commission)) / Total Sales Amount) * 100`

Here's the information we have:

*   Part Name: 'Rosy Black Navajo Cream Sky'
*   Country: China
*   Month: February
*   Year: 1996

Here's what we need to do:

1.  Filter for the specified part and country.
2.  Filter for the specified month and year.
3.  Calculate the total sales amount.
4.  Calculate the tax amount.
5.  Apply the SPM formula.

Before generating the code, I need to clarify one thing:

*   **Commission**: The description mentions ""Commission,"" but it's not clear where this information is stored. Should I assume it's zero, or is there a specific field I should be looking at?

I will assume the commission is zero.

```python
china_spm = parts.WHERE(name == 'Rosy Black Navajo Cream Sky').CALCULATE(
    part_name=name,
    total_sales_amount=SUM(lines.WHERE((YEAR(order.order_date) == 1996) & (MONTH(order.order_date) == 2) & (supplier.nation.name == ""CHINA"")).extended_price),
    total_tax=SUM(lines.WHERE((YEAR(order.order_date) == 1996) & (MONTH(order.order_date) == 2) & (supplier.nation.name == ""CHINA"")).tax)
).CALCULATE(
    spm=((total_sales_amount - total_tax) / total_sales_amount) * 100
)
```

**Explanation:**

1.  **Start with `parts`**: We start by filtering the `parts` collection to find the part named 'Rosy Black Navajo Cream Sky'.
2.  **Calculate `total_sales_amount`**: We calculate the sum of `extended_price` for all line items associated with the part, filtering by the order date (February 1996) and supplier's nation (China).
3.  **Calculate `total_tax`**: We calculate the sum of `tax` for all line items associated with the part, filtering by the order date (February 1996) and supplier's nation (China).
4.  **Calculate `spm`**: We apply the SPM formula using the calculated `total_sales_amount` and `total_tax`.
","china_spm = parts.WHERE(name == 'Rosy Black Navajo Cream Sky').CALCULATE(
    part_name=name,
    total_sales_amount=SUM(lines.WHERE((YEAR(order.order_date) == 1996) & (MONTH(order.order_date) == 2) & (supplier.nation.name == ""CHINA"")).extended_price),
    total_tax=SUM(lines.WHERE((YEAR(order.order_date) == 1996) & (MONTH(order.order_date) == 2) & (supplier.nation.name == ""CHINA"")).tax)
).CALCULATE(
    spm=((total_sales_amount - total_tax) / total_sales_amount) * 100
)"
