question,sql,dataset_name,db_name
How many singers do we have?,SELECT count(*) FROM singer,spider_data,concert_singer
What is the total number of singers?,SELECT count(*) FROM singer,spider_data,concert_singer
"What is the average, minimum, and maximum age of all singers from France?","SELECT avg(age) ,  min(age) ,  max(age) FROM singer WHERE country  =  'France'",spider_data,concert_singer
"What is the average, minimum, and maximum age for all French singers?","SELECT avg(age) ,  min(age) ,  max(age) FROM singer WHERE country  =  'France'",spider_data,concert_singer
Show the name and the release year of the song by the youngest singer.,"SELECT song_name ,  song_release_year FROM singer ORDER BY age LIMIT 1",spider_data,concert_singer
What are all distinct countries where singers above age 20 are from?,SELECT DISTINCT country FROM singer WHERE age  >  20,spider_data,concert_singer
What are the names and release years for all the songs of the youngest singer?,"SELECT song_name ,  song_release_year FROM singer ORDER BY age LIMIT 1",spider_data,concert_singer
How many singers are from each country?,"SELECT country ,  count(*) FROM singer GROUP BY country",spider_data,concert_singer
List all song names by singers above the average age.,SELECT song_name FROM singer WHERE age  >  (SELECT avg(age) FROM singer),spider_data,concert_singer
What is the maximum capacity and the average of all stadiums ?,"select max(capacity), average from stadium",spider_data,concert_singer
What are all the song names by singers who are older than average?,SELECT song_name FROM singer WHERE age  >  (SELECT avg(age) FROM singer),spider_data,concert_singer
What is the average and maximum capacities for all stadiums ?,"select avg(capacity) ,  max(capacity) from stadium",spider_data,concert_singer
How many concerts are there in year 2014 or 2015?,SELECT count(*) FROM concert WHERE YEAR  =  2014 OR YEAR  =  2015,spider_data,concert_singer
"For each stadium, how many concerts play there?","SELECT T2.name ,  count(*) FROM concert AS T1 JOIN stadium AS T2 ON T1.stadium_id  =  T2.stadium_id GROUP BY T1.stadium_id",spider_data,concert_singer
How many concerts occurred in 2014 or 2015?,SELECT count(*) FROM concert WHERE YEAR  =  2014 OR YEAR  =  2015,spider_data,concert_singer
Show the stadium name and the number of concerts in each stadium.,"SELECT T2.name ,  count(*) FROM concert AS T1 JOIN stadium AS T2 ON T1.stadium_id  =  T2.stadium_id GROUP BY T1.stadium_id",spider_data,concert_singer
What is the year that had the most concerts?,SELECT YEAR FROM concert GROUP BY YEAR ORDER BY count(*) DESC LIMIT 1,spider_data,concert_singer
Which year has most number of concerts?,SELECT YEAR FROM concert GROUP BY YEAR ORDER BY count(*) DESC LIMIT 1,spider_data,concert_singer
Show the stadium name and capacity with most number of concerts in year 2014 or after.,"SELECT T2.name ,  T2.capacity FROM concert AS T1 JOIN stadium AS T2 ON T1.stadium_id  =  T2.stadium_id WHERE T1.year  >=  2014 GROUP BY T2.stadium_id ORDER BY count(*) DESC LIMIT 1",spider_data,concert_singer
Show countries where a singer above age 40 and a singer below 30 are from.,SELECT country FROM singer WHERE age  >  40 INTERSECT SELECT country FROM singer WHERE age  <  30,spider_data,concert_singer
What are the names of all stadiums that did not have a concert in 2014?,SELECT name FROM stadium EXCEPT SELECT T2.name FROM concert AS T1 JOIN stadium AS T2 ON T1.stadium_id  =  T2.stadium_id WHERE T1.year  =  2014,spider_data,concert_singer
Show names for all stadiums except for stadiums having a concert in year 2014.,SELECT name FROM stadium EXCEPT SELECT T2.name FROM concert AS T1 JOIN stadium AS T2 ON T1.stadium_id  =  T2.stadium_id WHERE T1.year  =  2014,spider_data,concert_singer
List singer names and number of concerts for each singer.,"SELECT T2.name ,  count(*) FROM singer_in_concert AS T1 JOIN singer AS T2 ON T1.singer_id  =  T2.singer_id GROUP BY T2.singer_id",spider_data,concert_singer
What are the names of the singers and number of concerts for each person?,"SELECT T2.name ,  count(*) FROM singer_in_concert AS T1 JOIN singer AS T2 ON T1.singer_id  =  T2.singer_id GROUP BY T2.singer_id",spider_data,concert_singer
What are the number of concerts that occurred in the stadium with the largest capacity ?,select count(*) from concert where stadium_id = (select stadium_id from stadium order by capacity desc limit 1),spider_data,pets_1
What are the names and locations of the stadiums that had concerts that occurred in both 2014 and 2015?,"SELECT T2.name ,  T2.location FROM concert AS T1 JOIN stadium AS T2 ON T1.stadium_id  =  T2.stadium_id WHERE T1.Year  =  2014 INTERSECT SELECT T2.name ,  T2.location FROM concert AS T1 JOIN stadium AS T2 ON T1.stadium_id  =  T2.stadium_id WHERE T1.Year  =  2015",spider_data,concert_singer
Find the name and location of the stadiums which some concerts happened in the years of both 2014 and 2015.,"SELECT T2.name ,  T2.location FROM concert AS T1 JOIN stadium AS T2 ON T1.stadium_id  =  T2.stadium_id WHERE T1.Year  =  2014 INTERSECT SELECT T2.name ,  T2.location FROM concert AS T1 JOIN stadium AS T2 ON T1.stadium_id  =  T2.stadium_id WHERE T1.Year  =  2015",spider_data,concert_singer
Find the number of pets whose weight is heavier than 10.,SELECT count(*) FROM pets WHERE weight  >  10,spider_data,pets_1
How many pets have a greater weight than 10?,SELECT count(*) FROM pets WHERE weight  >  10,spider_data,pets_1
Find the weight of the youngest dog.,SELECT weight FROM pets ORDER BY pet_age LIMIT 1,spider_data,pets_1
How much does the youngest dog weigh?,SELECT weight FROM pets ORDER BY pet_age LIMIT 1,spider_data,pets_1
Find the number of dog pets that are raised by female students (with sex F).,SELECT count(*) FROM student AS T1 JOIN has_pet AS T2 ON T1.stuid  =  T2.stuid JOIN pets AS T3 ON T2.petid  =  T3.petid WHERE T1.sex  =  'F' AND T3.pettype  =  'dog',spider_data,pets_1
Find the number of distinct type of pets.,SELECT count(DISTINCT pettype) FROM pets,spider_data,pets_1
How many different types of pet are there?,SELECT count(DISTINCT pettype) FROM pets,spider_data,pets_1
How many dog pets are raised by female students?,SELECT count(*) FROM student AS T1 JOIN has_pet AS T2 ON T1.stuid  =  T2.stuid JOIN pets AS T3 ON T2.petid  =  T3.petid WHERE T1.sex  =  'F' AND T3.pettype  =  'dog',spider_data,pets_1
Find the first name of students who have cat or dog pet.,SELECT DISTINCT T1.Fname FROM student AS T1 JOIN has_pet AS T2 ON T1.stuid  =  T2.stuid JOIN pets AS T3 ON T3.petid  =  T2.petid WHERE T3.pettype  =  'cat' OR T3.pettype  =  'dog',spider_data,pets_1
"What major is every student who does not own a cat as a pet, and also how old are they?","SELECT major ,  age FROM student WHERE stuid NOT IN (SELECT T1.stuid FROM student AS T1 JOIN has_pet AS T2 ON T1.stuid  =  T2.stuid JOIN pets AS T3 ON T3.petid  =  T2.petid WHERE T3.pettype  =  'cat')",spider_data,pets_1
Find the first name and age of students who have a dog but do not have a cat as a pet.,"SELECT T1.fname ,  T1.age FROM student AS T1 JOIN has_pet AS T2 ON T1.stuid  =  T2.stuid JOIN pets AS T3 ON T3.petid  =  T2.petid WHERE T3.pettype  =  'dog' AND T1.stuid NOT IN (SELECT T1.stuid FROM student AS T1 JOIN has_pet AS T2 ON T1.stuid  =  T2.stuid JOIN pets AS T3 ON T3.petid  =  T2.petid WHERE T3.pettype  =  'cat')",spider_data,pets_1
What is the first name of every student who has a dog but does not have a cat?,"SELECT T1.fname ,  T1.age FROM student AS T1 JOIN has_pet AS T2 ON T1.stuid  =  T2.stuid JOIN pets AS T3 ON T3.petid  =  T2.petid WHERE T3.pettype  =  'dog' AND T1.stuid NOT IN (SELECT T1.stuid FROM student AS T1 JOIN has_pet AS T2 ON T1.stuid  =  T2.stuid JOIN pets AS T3 ON T3.petid  =  T2.petid WHERE T3.pettype  =  'cat')",spider_data,pets_1
"What type of pet is the youngest animal, and how much does it weigh?","SELECT pettype ,  weight FROM pets ORDER BY pet_age LIMIT 1",spider_data,pets_1
Find the average and maximum age for each type of pet.,"SELECT avg(pet_age) ,  max(pet_age) ,  pettype FROM pets GROUP BY pettype",spider_data,pets_1
What is the average and maximum age for each pet type?,"SELECT avg(pet_age) ,  max(pet_age) ,  pettype FROM pets GROUP BY pettype",spider_data,pets_1
What is the average weight for each type of pet?,"SELECT avg(weight) ,  pettype FROM pets GROUP BY pettype",spider_data,pets_1
"For students who have pets , how many pets does each student have ? list their ids instead of names .","select count(*) ,  t1.stuid from student as t1 join has_pet as t2 on t1.stuid  =  t2.stuid group by t1.stuid",spider_data,pets_1
How many continents are there?,SELECT count(*) FROM CONTINENTS;,spider_data,car_1
Find the average age of students who do not have any pet .,select avg(age) from student where stuid not in (select stuid from has_pet),spider_data,pets_1
What is the average age for all students who do not own any pets ?,select avg(age) from student where stuid not in (select stuid from has_pet),spider_data,car_1
What is the number of continents?,SELECT count(*) FROM CONTINENTS;,spider_data,car_1
How many countries are listed?,SELECT count(*) FROM COUNTRIES;,spider_data,car_1
How many countries exist?,SELECT count(*) FROM COUNTRIES;,spider_data,car_1
"How many countries does each continent have? List the continent id, continent name and the number of countries.","SELECT T1.ContId ,  T1.Continent ,  count(*) FROM CONTINENTS AS T1 JOIN COUNTRIES AS T2 ON T1.ContId  =  T2.Continent GROUP BY T1.ContId;",spider_data,car_1
Which model of the car has the minimum horsepower?,SELECT T1.Model FROM CAR_NAMES AS T1 JOIN CARS_DATA AS T2 ON T1.MakeId  =  T2.Id ORDER BY T2.horsepower ASC LIMIT 1;,spider_data,car_1
"How many models does each car maker produce? List maker full name, id and the number.","SELECT T1.FullName ,  T1.Id ,  count(*) FROM CAR_MAKERS AS T1 JOIN MODEL_LIST AS T2 ON T1.Id  =  T2.Maker GROUP BY T1.Id;",spider_data,car_1
"What is the full name of each car maker, along with its id and how many models it produces?","SELECT T1.FullName ,  T1.Id ,  count(*) FROM CAR_MAKERS AS T1 JOIN MODEL_LIST AS T2 ON T1.Id  =  T2.Maker GROUP BY T1.Id;",spider_data,car_1
Find the model of the car whose weight is below the average weight.,SELECT T1.model FROM CAR_NAMES AS T1 JOIN CARS_DATA AS T2 ON T1.MakeId  =  T2.Id WHERE T2.Weight  <  (SELECT avg(Weight) FROM CARS_DATA),spider_data,car_1
What is the model for the car with a weight smaller than the average?,SELECT T1.model FROM CAR_NAMES AS T1 JOIN CARS_DATA AS T2 ON T1.MakeId  =  T2.Id WHERE T2.Weight  <  (SELECT avg(Weight) FROM CARS_DATA),spider_data,car_1
What is the maker of the carr produced in the earliest year and what year was it?,"SELECT T2.Make ,  T1.Year FROM CARS_DATA AS T1 JOIN CAR_NAMES AS T2 ON T1.Id  =  T2.MakeId WHERE T1.Year  =  (SELECT min(YEAR) FROM CARS_DATA);",spider_data,car_1
How many car makers are there in each continents? List the continent name and the count.,"SELECT T1.Continent ,  count(*) FROM CONTINENTS AS T1 JOIN COUNTRIES AS T2 ON T1.ContId  =  T2.continent JOIN car_makers AS T3 ON T2.CountryId  =  T3.Country GROUP BY T1.Continent;",spider_data,car_1
Find the make and production time of the cars that were produced in the earliest year?,"SELECT T2.Make ,  T1.Year FROM CARS_DATA AS T1 JOIN CAR_NAMES AS T2 ON T1.Id  =  T2.MakeId WHERE T1.Year  =  (SELECT min(YEAR) FROM CARS_DATA);",spider_data,car_1
What is the name of each continent and how many car makers are there in each one?,"SELECT T1.Continent ,  count(*) FROM CONTINENTS AS T1 JOIN COUNTRIES AS T2 ON T1.ContId  =  T2.continent JOIN car_makers AS T3 ON T2.CountryId  =  T3.Country GROUP BY T1.Continent;",spider_data,car_1
What is the accelerate of the car make amc hornet sportabout (sw)?,SELECT T1.Accelerate FROM CARS_DATA AS T1 JOIN CAR_NAMES AS T2 ON T1.Id  =  T2.MakeId WHERE T2.Make  =  'amc hornet sportabout (sw)';,spider_data,car_1
How much does the car accelerate that makes amc hornet sportabout (sw)?,SELECT T1.Accelerate FROM CARS_DATA AS T1 JOIN CAR_NAMES AS T2 ON T1.Id  =  T2.MakeId WHERE T2.Make  =  'amc hornet sportabout (sw)';,spider_data,car_1
How many car makers are there in france?,SELECT count(*) FROM CAR_MAKERS AS T1 JOIN COUNTRIES AS T2 ON T1.Country  =  T2.CountryId WHERE T2.CountryName  =  'france';,spider_data,car_1
What is the number of car models that are produced by each maker and what is the id and full name of each maker?,"SELECT Count(*) ,  T2.FullName ,  T2.id FROM MODEL_LIST AS T1 JOIN CAR_MAKERS AS T2 ON T1.Maker  =  T2.Id GROUP BY T2.id;",spider_data,car_1
What is the count of the car models produced in the United States?,SELECT count(*) FROM MODEL_LIST AS T1 JOIN CAR_MAKERS AS T2 ON T1.Maker  =  T2.Id JOIN COUNTRIES AS T3 ON T2.Country  =  T3.CountryId WHERE T3.CountryName  =  'usa';,spider_data,car_1
What is the number of makers of care in France?,SELECT count(*) FROM CAR_MAKERS AS T1 JOIN COUNTRIES AS T2 ON T1.Country  =  T2.CountryId WHERE T2.CountryName  =  'france';,spider_data,car_1
How many car models are produced in the usa?,SELECT count(*) FROM MODEL_LIST AS T1 JOIN CAR_MAKERS AS T2 ON T1.Maker  =  T2.Id JOIN COUNTRIES AS T3 ON T2.Country  =  T3.CountryId WHERE T3.CountryName  =  'usa';,spider_data,car_1
What is the average miles per gallon(mpg) of the cars with 4 cylinders?,SELECT avg(mpg) FROM CARS_DATA WHERE Cylinders  =  4;,spider_data,car_1
What is the average miles per gallon of all the cards with 4 cylinders?,SELECT avg(mpg) FROM CARS_DATA WHERE Cylinders  =  4;,spider_data,car_1
What is the minimum weight of the car with 8 cylinders produced in 1974 ?,select min(weight) from cars_data where cylinders  =  8 and year  =  1974,spider_data,car_1
What is the smallest weight of the car produced with 8 cylinders on 1974 ?,select min(weight) from cars_data where cylinders  =  8 and year  =  1974,spider_data,car_1
What are the makers and models?,"SELECT Maker ,  Model FROM MODEL_LIST;",spider_data,car_1
What is the number of cars with a horsepower greater than 150?,SELECT count(*) FROM CARS_DATA WHERE horsepower  >  150;,spider_data,car_1
What is the number of the cars with horsepower more than 150?,SELECT count(*) FROM CARS_DATA WHERE horsepower  >  150;,spider_data,car_1
What is the average weight and year for each year?,"SELECT avg(Weight) ,  YEAR FROM CARS_DATA GROUP BY YEAR;",spider_data,car_1
What is the maximum horsepower and the make of the car models with 3 cylinders?,"SELECT T2.horsepower ,  T1.Make FROM CAR_NAMES AS T1 JOIN CARS_DATA AS T2 ON T1.MakeId  =  T2.Id WHERE T2.cylinders  =  3 ORDER BY T2.horsepower DESC LIMIT 1;",spider_data,car_1
What are the names of all European countries with at least 3 manufacturers?,SELECT T1.CountryName FROM COUNTRIES AS T1 JOIN CONTINENTS AS T2 ON T1.Continent  =  T2.ContId JOIN CAR_MAKERS AS T3 ON T1.CountryId  =  T3.Country WHERE T2.Continent  =  'europe' GROUP BY T1.CountryName HAVING count(*)  >=  3;,spider_data,car_1
Which countries in europe have at least 3 car manufacturers?,SELECT T1.CountryName FROM COUNTRIES AS T1 JOIN CONTINENTS AS T2 ON T1.Continent  =  T2.ContId JOIN CAR_MAKERS AS T3 ON T1.CountryId  =  T3.Country WHERE T2.Continent  =  'europe' GROUP BY T1.CountryName HAVING count(*)  >=  3;,spider_data,car_1
What is the largest amount of horsepower for the models with 3 cylinders and what make is it?,"SELECT T2.horsepower ,  T1.Make FROM CAR_NAMES AS T1 JOIN CARS_DATA AS T2 ON T1.MakeId  =  T2.Id WHERE T2.cylinders  =  3 ORDER BY T2.horsepower DESC LIMIT 1;",spider_data,car_1
"Which model saves the most gasoline? That is to say, have the maximum miles per gallon.",SELECT T1.Model FROM CAR_NAMES AS T1 JOIN CARS_DATA AS T2 ON T1.MakeId  =  T2.Id ORDER BY T2.mpg DESC LIMIT 1;,spider_data,car_1
What is the average horsepower of the cars before 1980?,SELECT avg(horsepower) FROM CARS_DATA WHERE YEAR  <  1980;,spider_data,car_1
What is the average horsepower for all cars produced before 1980 ?,select avg(horsepower) from cars_data where year  <  1980;,spider_data,car_1
What is the average edispl of the cars of model volvo?,SELECT avg(T2.edispl) FROM CAR_NAMES AS T1 JOIN CARS_DATA AS T2 ON T1.MakeId  =  T2.Id WHERE T1.Model  =  'volvo';,spider_data,car_1
What is the average edispl for all volvos?,SELECT avg(T2.edispl) FROM CAR_NAMES AS T1 JOIN CARS_DATA AS T2 ON T1.MakeId  =  T2.Id WHERE T1.Model  =  'volvo';,spider_data,car_1
Which model has the most version(make) of cars?,SELECT Model FROM CAR_NAMES GROUP BY Model ORDER BY count(*) DESC LIMIT 1;,spider_data,car_1
What model has the most different versions?,SELECT Model FROM CAR_NAMES GROUP BY Model ORDER BY count(*) DESC LIMIT 1;,spider_data,car_1
How many cars have more than 4 cylinders?,SELECT count(*) FROM CARS_DATA WHERE Cylinders  >  4;,spider_data,car_1
What is the number of cars with more than 4 cylinders?,SELECT count(*) FROM CARS_DATA WHERE Cylinders  >  4;,spider_data,car_1
"In 1980, how many cars were made?",SELECT count(*) FROM CARS_DATA WHERE YEAR  =  1980;,spider_data,car_1
how many cars were produced in 1980?,SELECT count(*) FROM CARS_DATA WHERE YEAR  =  1980;,spider_data,car_1
What is the number of car models created by the car maker American Motor Company?,SELECT count(*) FROM CAR_MAKERS AS T1 JOIN MODEL_LIST AS T2 ON T1.Id  =  T2.Maker WHERE T1.FullName  =  'American Motor Company';,spider_data,car_1
Which makers designed more than 3 car models? List full name and the id.,"SELECT T1.FullName ,  T1.Id FROM CAR_MAKERS AS T1 JOIN MODEL_LIST AS T2 ON T1.Id  =  T2.Maker GROUP BY T1.Id HAVING count(*)  >  3;",spider_data,car_1
What are the names and ids of all makers with more than 3 models?,"SELECT T1.FullName ,  T1.Id FROM CAR_MAKERS AS T1 JOIN MODEL_LIST AS T2 ON T1.Id  =  T2.Maker GROUP BY T1.Id HAVING count(*)  >  3;",spider_data,car_1
Which distinctive models are produced by maker with the full name General Motors or weighing more than 3500?,SELECT DISTINCT T2.Model FROM CAR_NAMES AS T1 JOIN MODEL_LIST AS T2 ON T1.Model  =  T2.Model JOIN CAR_MAKERS AS T3 ON T2.Maker  =  T3.Id JOIN CARS_DATA AS T4 ON T1.MakeId  =  T4.Id WHERE T3.FullName  =  'General Motors' OR T4.weight  >  3500;,spider_data,car_1
What are the different models created by either the car maker General Motors or weighed more than 3500?,SELECT DISTINCT T2.Model FROM CAR_NAMES AS T1 JOIN MODEL_LIST AS T2 ON T1.Model  =  T2.Model JOIN CAR_MAKERS AS T3 ON T2.Maker  =  T3.Id JOIN CARS_DATA AS T4 ON T1.MakeId  =  T4.Id WHERE T3.FullName  =  'General Motors' OR T4.weight  >  3500;,spider_data,car_1
What is the horsepower of the car with the largest accelerate?,SELECT T1.horsepower FROM CARS_DATA AS T1 ORDER BY T1.accelerate DESC LIMIT 1;,spider_data,car_1
How many cars have a larger accelerate than the car with the largest horsepower?,SELECT COUNT(*) FROM CARS_DATA WHERE Accelerate  >  ( SELECT Accelerate FROM CARS_DATA ORDER BY Horsepower DESC LIMIT 1 );,spider_data,car_1
"For a volvo model, how many cylinders does the version with least accelerate have?",SELECT T1.cylinders FROM CARS_DATA AS T1 JOIN CAR_NAMES AS T2 ON T1.Id  =  T2.MakeId WHERE T2.Model  =  'volvo' ORDER BY T1.accelerate ASC LIMIT 1;,spider_data,car_1
What is the number of cars with a greater accelerate than the one with the most horsepower?,SELECT COUNT(*) FROM CARS_DATA WHERE Accelerate  >  ( SELECT Accelerate FROM CARS_DATA ORDER BY Horsepower DESC LIMIT 1 );,spider_data,car_1
How many countries has more than 2 car makers ?,select count(*) from countries as t1 join car_makers as t2 on t1.countryid  =  t2.country group by t1.countryid having count(*)  >  2,spider_data,car_1
What is the number of countries with more than 2 car makers ?,select count(*) from countries as t1 join car_makers as t2 on t1.countryid  =  t2.country group by t1.countryid having count(*)  >  2,spider_data,car_1
How many cars has over 6 cylinders?,SELECT COUNT(*) FROM CARS_DATA WHERE Cylinders  >  6;,spider_data,car_1
What is the number of carsw ith over 6 cylinders?,SELECT COUNT(*) FROM CARS_DATA WHERE Cylinders  >  6;,spider_data,car_1
"Among the cars with more than lowest horsepower, which ones do not have more than 3 cylinders? List the car makeid and make name.","SELECT T2.MakeId ,  T2.Make FROM CARS_DATA AS T1 JOIN CAR_NAMES AS T2 ON T1.Id  =  T2.MakeId WHERE T1.Horsepower  >  (SELECT min(Horsepower) FROM CARS_DATA) AND T1.Cylinders  <=  3;",spider_data,car_1
"Among the cars that do not have the minimum horsepower , what are the make ids and names of all those with less than 4 cylinders ?","select t2.makeid ,  t2.make from cars_data as t1 join car_names as t2 on t1.id  =  t2.makeid where t1.horsepower  >  (select min(horsepower) from cars_data) and t1.cylinders  <  4;",spider_data,car_1
What is the maximum miles per gallon of the car with 8 cylinders or produced before 1980 ?,select max(mpg) from cars_data where cylinders  =  8 or year  <  1980,spider_data,car_1
What is the maximum mpg of the cars that had 8 cylinders or that were produced before 1980 ?,select max(mpg) from cars_data where cylinders  =  8 or year  <  1980,spider_data,car_1
What are the name of the countries where there is not a single car maker?,SELECT CountryName FROM countries EXCEPT SELECT T1.CountryName FROM countries AS T1 JOIN CAR_MAKERS AS T2 ON T1.countryId  =  T2.Country;,spider_data,car_1
What are the names of the countries with no car makers?,SELECT CountryName FROM countries EXCEPT SELECT T1.CountryName FROM countries AS T1 JOIN CAR_MAKERS AS T2 ON T1.countryId  =  T2.Country;,spider_data,car_1
Which are the car makers which produce at least 2 models and more than 3 car makers ? List the id and the maker .,"select t1.id ,  t1.maker from car_makers as t1 join model_list as t2 on t1.id  =  t2.maker group by t1.id having count(*)  >=  2 intersect select t1.id ,  t1.maker from car_makers as t1 join model_list as t2 on t1.id  =  t2.maker join car_names as t3 on t2.model  =  t3.model group by t1.id having count(*)  >  3;",spider_data,car_1
What country is Jetblue Airways affiliated with?,"SELECT Country FROM AIRLINES WHERE Airline  =  ""JetBlue Airways""",spider_data,flight_2
What are the ids and makers of all car makers that produce at least 2 models and make more than 3 cars?,"SELECT T1.Id ,  T1.Maker FROM CAR_MAKERS AS T1 JOIN MODEL_LIST AS T2 ON T1.Id  =  T2.Maker GROUP BY T1.Id HAVING count(*)  >=  2 INTERSECT SELECT T1.Id ,  T1.Maker FROM CAR_MAKERS AS T1 JOIN MODEL_LIST AS T2 ON T1.Id  =  T2.Maker JOIN CAR_NAMES AS T3 ON T2.model  =  T3.model GROUP BY T1.Id HAVING count(*)  >  3;",spider_data,car_1
What are the ids and names of all countries that either have more than 3 car makers or produce fiat model ?,"select t1.countryid ,  t1.countryname from countries as t1 join car_makers as t2 on t1.countryid  =  t2.country group by t1.countryid having count(*)  >  3 union select t1.countryid ,  t1.countryname from countries as t1 join car_makers as t2 on t1.countryid  =  t2.country join model_list as t3 on t2.id  =  t3.maker where t3.model  =  'fiat';",spider_data,flight_2
Which abbreviation corresponds to Jetblue Airways?,"SELECT Abbreviation FROM AIRLINES WHERE Airline  =  ""JetBlue Airways""",spider_data,flight_2
How many airports do we have?,SELECT count(*) FROM AIRPORTS,spider_data,flight_2
What is the total number of airlines?,SELECT count(*) FROM AIRLINES,spider_data,flight_2
How many airlines do we have?,SELECT count(*) FROM AIRLINES,spider_data,flight_2
Return the number of  airports.,SELECT count(*) FROM AIRPORTS,spider_data,flight_2
How many flights do we have?,SELECT count(*) FROM FLIGHTS,spider_data,flight_2
How many airlines are from USA?,"SELECT count(*) FROM AIRLINES WHERE Country  =  ""USA""",spider_data,flight_2
Return the number of airlines in the USA.,"SELECT count(*) FROM AIRLINES WHERE Country  =  ""USA""",spider_data,flight_2
How many flights depart from 'APG'?,"SELECT count(*) FROM FLIGHTS WHERE SourceAirport  =  ""APG""",spider_data,flight_2
Count the number of flights departing from 'APG'.,"SELECT count(*) FROM FLIGHTS WHERE SourceAirport  =  ""APG""",spider_data,flight_2
How many flights have destination ATO?,"SELECT count(*) FROM FLIGHTS WHERE DestAirport  =  ""ATO""",spider_data,flight_2
Count the number of flights into ATO.,"SELECT count(*) FROM FLIGHTS WHERE DestAirport  =  ""ATO""",spider_data,flight_2
How many flights depart from City Aberdeen?,"SELECT count(*) FROM FLIGHTS AS T1 JOIN AIRPORTS AS T2 ON T1.SourceAirport  =  T2.AirportCode WHERE T2.City  =  ""Aberdeen""",spider_data,flight_2
Return the number of flights departing from Aberdeen.,"SELECT count(*) FROM FLIGHTS AS T1 JOIN AIRPORTS AS T2 ON T1.SourceAirport  =  T2.AirportCode WHERE T2.City  =  ""Aberdeen""",spider_data,flight_2
Return the number of flights arriving in Aberdeen.,"SELECT count(*) FROM FLIGHTS AS T1 JOIN AIRPORTS AS T2 ON T1.DestAirport  =  T2.AirportCode WHERE T2.City  =  ""Aberdeen""",spider_data,flight_2
How many flights arriving in Aberdeen city?,"SELECT count(*) FROM FLIGHTS AS T1 JOIN AIRPORTS AS T2 ON T1.DestAirport  =  T2.AirportCode WHERE T2.City  =  ""Aberdeen""",spider_data,flight_2
How many flights depart from City 'Aberdeen' and have destination City 'Ashley'?,"SELECT count(*) FROM FLIGHTS AS T1 JOIN AIRPORTS AS T2 ON T1.DestAirport  =  T2.AirportCode JOIN AIRPORTS AS T3 ON T1.SourceAirport  =  T3.AirportCode WHERE T2.City  =  ""Ashley"" AND T3.City  =  ""Aberdeen""",spider_data,flight_2
Give the number of Jetblue Airways flights.,"SELECT count(*) FROM FLIGHTS AS T1 JOIN AIRLINES AS T2 ON T1.Airline  =  T2.uid WHERE T2.Airline = ""JetBlue Airways""",spider_data,flight_2
How many flights does airline 'JetBlue Airways' have?,"SELECT count(*) FROM FLIGHTS AS T1 JOIN AIRLINES AS T2 ON T1.Airline  =  T2.uid WHERE T2.Airline = ""JetBlue Airways""",spider_data,flight_2
How many flights fly from Aberdeen to Ashley?,"SELECT count(*) FROM FLIGHTS AS T1 JOIN AIRPORTS AS T2 ON T1.DestAirport  =  T2.AirportCode JOIN AIRPORTS AS T3 ON T1.SourceAirport  =  T3.AirportCode WHERE T2.City  =  ""Ashley"" AND T3.City  =  ""Aberdeen""",spider_data,flight_2
How many 'United Airlines' flights go to Airport 'ASY'?,"SELECT count(*) FROM AIRLINES AS T1 JOIN FLIGHTS AS T2 ON T2.Airline  =  T1.uid WHERE T1.Airline  =  ""United Airlines"" AND T2.DestAirport  =  ""ASY""",spider_data,flight_2
Count the number of United Airlines flights arriving in ASY Airport.,"SELECT count(*) FROM AIRLINES AS T1 JOIN FLIGHTS AS T2 ON T2.Airline  =  T1.uid WHERE T1.Airline  =  ""United Airlines"" AND T2.DestAirport  =  ""ASY""",spider_data,flight_2
Return the number of United Airlines flights leaving from AHD Airport.,"SELECT count(*) FROM AIRLINES AS T1 JOIN FLIGHTS AS T2 ON T2.Airline  =  T1.uid WHERE T1.Airline  =  ""United Airlines"" AND T2.SourceAirport  =  ""AHD""",spider_data,flight_2
How many 'United Airlines' flights depart from Airport 'AHD'?,"SELECT count(*) FROM AIRLINES AS T1 JOIN FLIGHTS AS T2 ON T2.Airline  =  T1.uid WHERE T1.Airline  =  ""United Airlines"" AND T2.SourceAirport  =  ""AHD""",spider_data,flight_2
How many United Airlines flights go to City 'Aberdeen'?,"SELECT count(*) FROM FLIGHTS AS T1 JOIN AIRPORTS AS T2 ON T1.DestAirport  =  T2.AirportCode JOIN AIRLINES AS T3 ON T3.uid  =  T1.Airline WHERE T2.City  =  ""Aberdeen"" AND T3.Airline  =  ""United Airlines""",spider_data,flight_2
Count the number of United Airlines flights that arrive in Aberdeen.,"SELECT count(*) FROM FLIGHTS AS T1 JOIN AIRPORTS AS T2 ON T1.DestAirport  =  T2.AirportCode JOIN AIRLINES AS T3 ON T3.uid  =  T1.Airline WHERE T2.City  =  ""Aberdeen"" AND T3.Airline  =  ""United Airlines""",spider_data,flight_2
Which city is the most frequent source airport?,SELECT T1.City FROM AIRPORTS AS T1 JOIN FLIGHTS AS T2 ON T1.AirportCode  =  T2.SourceAirport GROUP BY T1.City ORDER BY count(*) DESC LIMIT 1,spider_data,flight_2
Which airline has most number of flights?,SELECT T1.Airline FROM AIRLINES AS T1 JOIN FLIGHTS AS T2 ON T1.uid  =  T2.Airline GROUP BY T1.Airline ORDER BY count(*) DESC LIMIT 1,spider_data,flight_2
Find the abbreviation and country of the airline that has fewest number of flights?,"SELECT T1.Abbreviation ,  T1.Country FROM AIRLINES AS T1 JOIN FLIGHTS AS T2 ON T1.uid  =  T2.Airline GROUP BY T1.Airline ORDER BY count(*) LIMIT 1",spider_data,flight_2
What airline serves the most flights?,SELECT T1.Airline FROM AIRLINES AS T1 JOIN FLIGHTS AS T2 ON T1.uid  =  T2.Airline GROUP BY T1.Airline ORDER BY count(*) DESC LIMIT 1,spider_data,flight_2
What is the abbreviation of the airilne has the fewest flights and what country is it in?,"SELECT T1.Abbreviation ,  T1.Country FROM AIRLINES AS T1 JOIN FLIGHTS AS T2 ON T1.uid  =  T2.Airline GROUP BY T1.Airline ORDER BY count(*) LIMIT 1",spider_data,flight_2
Which airlines have at least 10 flights?,SELECT T1.Airline FROM AIRLINES AS T1 JOIN FLIGHTS AS T2 ON T1.uid  =  T2.Airline GROUP BY T1.Airline HAVING count(*)  >  10,spider_data,flight_2
Find all airlines that have fewer than 200 flights.,SELECT T1.Airline FROM AIRLINES AS T1 JOIN FLIGHTS AS T2 ON T1.uid  =  T2.Airline GROUP BY T1.Airline HAVING count(*)  <  200,spider_data,flight_2
Find all airlines that have at least 10 flights.,SELECT T1.Airline FROM AIRLINES AS T1 JOIN FLIGHTS AS T2 ON T1.uid  =  T2.Airline GROUP BY T1.Airline HAVING count(*)  >  10,spider_data,flight_2
Which airlines have less than 200 flights?,SELECT T1.Airline FROM AIRLINES AS T1 JOIN FLIGHTS AS T2 ON T1.uid  =  T2.Airline GROUP BY T1.Airline HAVING count(*)  <  200,spider_data,flight_2
Which flight numbers correspond to United Airlines flights?,"SELECT T1.FlightNo FROM FLIGHTS AS T1 JOIN AIRLINES AS T2 ON T2.uid  =  T1.Airline WHERE T2.Airline  =  ""United Airlines""",spider_data,flight_2
"What are flight numbers of Airline ""United Airlines""?","SELECT T1.FlightNo FROM FLIGHTS AS T1 JOIN AIRLINES AS T2 ON T2.uid  =  T1.Airline WHERE T2.Airline  =  ""United Airlines""",spider_data,flight_2
How many flights land in Aberdeen or Abilene?,"SELECT count(*) FROM Flights AS T1 JOIN Airports AS T2 ON T1.DestAirport  =  T2.AirportCode WHERE T2.city  =  ""Aberdeen"" OR T2.city  =  ""Abilene""",spider_data,flight_2
Find the number of flights landing in the city of Aberdeen or Abilene.,"SELECT count(*) FROM Flights AS T1 JOIN Airports AS T2 ON T1.DestAirport  =  T2.AirportCode WHERE T2.city  =  ""Aberdeen"" OR T2.city  =  ""Abilene""",spider_data,flight_2
How many employees are there?,SELECT count(*) FROM employee,spider_data,employee_hire_evaluation
Count the number of employees,SELECT count(*) FROM employee,spider_data,employee_hire_evaluation
Which airports do not have departing or arriving flights?,SELECT AirportName FROM Airports WHERE AirportCode NOT IN (SELECT SourceAirport FROM Flights UNION SELECT DestAirport FROM Flights),spider_data,employee_hire_evaluation
Which cities do more than one employee under age 30 come from?,SELECT city FROM employee WHERE age  <  30 GROUP BY city HAVING count(*)  >  1,spider_data,employee_hire_evaluation
What are the minimum and maximum number of products across all the shops?,"SELECT min(Number_products) ,  max(Number_products) FROM shop",spider_data,employee_hire_evaluation
find the minimum and maximum number of products of all stores.,"SELECT min(Number_products) ,  max(Number_products) FROM shop",spider_data,employee_hire_evaluation
Find the names of stores whose number products is more than the average number of products.,SELECT name FROM shop WHERE number_products  >  (SELECT avg(number_products) FROM shop),spider_data,employee_hire_evaluation
Which shops' number products is above the average? Give me the shop names.,SELECT name FROM shop WHERE number_products  >  (SELECT avg(number_products) FROM shop),spider_data,employee_hire_evaluation
Which employee received the biggest bonus? Give me the employee name.,SELECT t1.name FROM employee AS t1 JOIN evaluation AS t2 ON t1.Employee_ID  =  t2.Employee_ID ORDER BY t2.bonus DESC LIMIT 1,spider_data,employee_hire_evaluation
Find the name of the employee who got the highest one time bonus.,SELECT t1.name FROM employee AS t1 JOIN evaluation AS t2 ON t1.Employee_ID  =  t2.Employee_ID ORDER BY t2.bonus DESC LIMIT 1,spider_data,employee_hire_evaluation
Find the number of employees hired in each shop; show the shop name as well.,"SELECT count(*) ,  t2.name FROM hiring AS t1 JOIN shop AS t2 ON t1.shop_id  =  t2.shop_id GROUP BY t2.name",spider_data,employee_hire_evaluation
"For each shop, return the number of employees working there and the name of the shop.","SELECT count(*) ,  t2.name FROM hiring AS t1 JOIN shop AS t2 ON t1.shop_id  =  t2.shop_id GROUP BY t2.name",spider_data,employee_hire_evaluation
Find the total amount of bonus given in all the evaluations.,SELECT sum(bonus) FROM evaluation,spider_data,employee_hire_evaluation
How many different store locations are there?,SELECT count(DISTINCT LOCATION) FROM shop,spider_data,employee_hire_evaluation
Count the number of distinct store locations.,SELECT count(DISTINCT LOCATION) FROM shop,spider_data,cre_Doc_Template_Mgt
How many documents do we have?,SELECT count(*) FROM Documents,spider_data,cre_Doc_Template_Mgt
Count the number of documents.,SELECT count(*) FROM Documents,spider_data,cre_Doc_Template_Mgt
How many different templates do all document use?,SELECT count(DISTINCT template_id) FROM Documents,spider_data,cre_Doc_Template_Mgt
Count the number of different templates used for documents.,SELECT count(DISTINCT template_id) FROM Documents,spider_data,cre_Doc_Template_Mgt
How many documents are using the template with type code 'PPT'?,SELECT count(*) FROM Documents AS T1 JOIN Templates AS T2 ON T1.Template_ID  =  T2.Template_ID WHERE T2.Template_Type_Code  =  'PPT',spider_data,cre_Doc_Template_Mgt
Count the number of documents that use the PPT template type.,SELECT count(*) FROM Documents AS T1 JOIN Templates AS T2 ON T1.Template_ID  =  T2.Template_ID WHERE T2.Template_Type_Code  =  'PPT',spider_data,cre_Doc_Template_Mgt
"What are all different template ids used for documents, and how many times were each of them used?","SELECT template_id ,  count(*) FROM Documents GROUP BY template_id",spider_data,cre_Doc_Template_Mgt
What is the id and type code for the template used by the most documents?,"SELECT T1.template_id ,  T2.Template_Type_Code FROM Documents AS T1 JOIN Templates AS T2 ON T1.template_id  =  T2.template_id GROUP BY T1.template_id ORDER BY count(*) DESC LIMIT 1",spider_data,cre_Doc_Template_Mgt
Return the id and type code of the template that is used for the greatest number of documents.,"SELECT T1.template_id ,  T2.Template_Type_Code FROM Documents AS T1 JOIN Templates AS T2 ON T1.template_id  =  T2.template_id GROUP BY T1.template_id ORDER BY count(*) DESC LIMIT 1",spider_data,cre_Doc_Template_Mgt
Show ids for all templates that are used by more than one document.,SELECT template_id FROM Documents GROUP BY template_id HAVING count(*)  >  1,spider_data,cre_Doc_Template_Mgt
What are the template ids of any templates used in more than a single document?,SELECT template_id FROM Documents GROUP BY template_id HAVING count(*)  >  1,spider_data,cre_Doc_Template_Mgt
What are the ids for templates that are not used in any documents?,SELECT template_id FROM Templates EXCEPT SELECT template_id FROM Documents,spider_data,cre_Doc_Template_Mgt
How many templates do we have?,SELECT count(*) FROM Templates,spider_data,cre_Doc_Template_Mgt
Count the number of templates.,SELECT count(*) FROM Templates,spider_data,cre_Doc_Template_Mgt
Show all distinct template type codes for all templates.,SELECT DISTINCT template_type_code FROM Templates,spider_data,cre_Doc_Template_Mgt
What are the different template type codes?,SELECT DISTINCT template_type_code FROM Templates,spider_data,cre_Doc_Template_Mgt
Count the number of templates of the type CV.,"SELECT count(*) FROM Templates WHERE template_type_code  =  ""CV""",spider_data,cre_Doc_Template_Mgt
How many templates have template type code CV?,"SELECT count(*) FROM Templates WHERE template_type_code  =  ""CV""",spider_data,cre_Doc_Template_Mgt
Return the version numbers and template type codes of templates with a version number greater than 5.,"SELECT version_number ,  template_type_code FROM Templates WHERE version_number  >  5",spider_data,cre_Doc_Template_Mgt
"What are the different template type codes, and how many templates correspond to each?","SELECT template_type_code ,  count(*) FROM Templates GROUP BY template_type_code",spider_data,cre_Doc_Template_Mgt
Return the type code of the template type that the most templates belong to.,SELECT template_type_code FROM Templates GROUP BY template_type_code ORDER BY count(*) DESC LIMIT 1,spider_data,cre_Doc_Template_Mgt
Which template type code has most number of templates?,SELECT template_type_code FROM Templates GROUP BY template_type_code ORDER BY count(*) DESC LIMIT 1,spider_data,cre_Doc_Template_Mgt
What the smallest version number and its template type code?,"SELECT min(Version_Number) ,  template_type_code FROM Templates",spider_data,cre_Doc_Template_Mgt
"What is the template type code of the template used by document with the name ""Data base""?","SELECT T1.template_type_code FROM Templates AS T1 JOIN Documents AS T2 ON T1.template_id  =  T2.template_id WHERE T2.document_name  =  ""Data base""",spider_data,cre_Doc_Template_Mgt
"What are the different template type codes, and how many documents use each type?","SELECT T1.template_type_code ,  count(*) FROM Templates AS T1 JOIN Documents AS T2 ON T1.template_id  =  T2.template_id GROUP BY T1.template_type_code",spider_data,cre_Doc_Template_Mgt
Show all template type codes and the number of documents using each type.,"SELECT T1.template_type_code ,  count(*) FROM Templates AS T1 JOIN Documents AS T2 ON T1.template_id  =  T2.template_id GROUP BY T1.template_type_code",spider_data,cre_Doc_Template_Mgt
Return the code of the template type that is most commonly used in documents.,SELECT T1.template_type_code FROM Templates AS T1 JOIN Documents AS T2 ON T1.template_id  =  T2.template_id GROUP BY T1.template_type_code ORDER BY count(*) DESC LIMIT 1,spider_data,cre_Doc_Template_Mgt
Show all template type codes that are not used by any document.,SELECT template_type_code FROM Templates EXCEPT SELECT template_type_code FROM Templates AS T1 JOIN Documents AS T2 ON T1.template_id  =  T2.template_id,spider_data,cre_Doc_Template_Mgt
"What is the template type descriptions for template type code ""AD"".","SELECT template_type_description FROM Ref_template_types WHERE template_type_code  =  ""AD""",spider_data,cre_Doc_Template_Mgt
Return the different descriptions for templates that have been used in a document.,SELECT DISTINCT T1.template_type_description FROM Ref_template_types AS T1 JOIN Templates AS T2 ON T1.template_type_code  = T2.template_type_code JOIN Documents AS T3 ON T2.Template_ID  =  T3.template_ID,spider_data,cre_Doc_Template_Mgt
Count the number of paragraphs.,SELECT count(*) FROM Paragraphs,spider_data,cre_Doc_Template_Mgt
Show all document ids and the number of paragraphs in each document. Order by document id.,"SELECT document_id ,  count(*) FROM Paragraphs GROUP BY document_id ORDER BY document_id",spider_data,cre_Doc_Template_Mgt
"Show all document ids, names and the number of paragraphs in each document.","SELECT T1.document_id ,  T2.document_name ,  count(*) FROM Paragraphs AS T1 JOIN Documents AS T2 ON T1.document_id  =  T2.document_id GROUP BY T1.document_id",spider_data,cre_Doc_Template_Mgt
