question_id,question,generated_response,generated_pydough,generated_df_json,error
1,List the total number of customers and suppliers in each nation. Order by nation name,,"nation_summary = nations.CALCULATE(
    nation_name=name,
    num_customers=COUNT(customers),
    num_suppliers=COUNT(suppliers)
).ORDER_BY(nation_name.ASC())",{},
2,Find the top 5 nations with the highest number of orders placed by their customers in 1995.,,"top_5_nations = nations.CALCULATE(
    nation_name=name,
    num_orders=COUNT(customers.orders.WHERE(YEAR(order_date) == 1995))
).TOP_K(5, by=num_orders.DESC())",{},
