question_id,db_name,question,pydough_code,context
17,GeoNuclearData,"How many operating nuclear station in France?
Database Schema:
{""GeoNuclearData"": {""nuclear_power_plants"": {""type"": ""simple_table"", ""table_path"": ""main.nuclear_power_plants"", ""unique_properties"": [[""Id"", ""Name"", ""Latitude"", ""Longitude"", ""Country"", ""Status"", ""ReactorType"", ""ReactorModel"", ""ConstructionStartAt"", ""OperationalFrom"", ""OperationalTo"", ""Capacity"", ""LastUpdatedAt"", ""Source""]], ""properties"": {""Id"": {""type"": ""table_column"", ""column_name"": ""Id"", ""data_type"": ""string""}, ""Name"": {""type"": ""table_column"", ""column_name"": ""Name"", ""data_type"": ""string""}, ""Latitude"": {""type"": ""table_column"", ""column_name"": ""Latitude"", ""data_type"": ""string""}, ""Longitude"": {""type"": ""table_column"", ""column_name"": ""Longitude"", ""data_type"": ""string""}, ""Country"": {""type"": ""table_column"", ""column_name"": ""Country"", ""data_type"": ""string""}, ""Status"": {""type"": ""table_column"", ""column_name"": ""Status"", ""data_type"": ""string""}, ""ReactorType"": {""type"": ""table_column"", ""column_name"": ""ReactorType"", ""data_type"": ""string""}, ""ReactorModel"": {""type"": ""table_column"", ""column_name"": ""ReactorModel"", ""data_type"": ""string""}, ""ConstructionStartAt"": {""type"": ""table_column"", ""column_name"": ""ConstructionStartAt"", ""data_type"": ""string""}, ""OperationalFrom"": {""type"": ""table_column"", ""column_name"": ""OperationalFrom"", ""data_type"": ""string""}, ""OperationalTo"": {""type"": ""table_column"", ""column_name"": ""OperationalTo"", ""data_type"": ""string""}, ""Capacity"": {""type"": ""table_column"", ""column_name"": ""Capacity"", ""data_type"": ""string""}, ""LastUpdatedAt"": {""type"": ""table_column"", ""column_name"": ""LastUpdatedAt"", ""data_type"": ""string""}, ""Source"": {""type"": ""table_column"", ""column_name"": ""Source"", ""data_type"": ""string""}}}}}","operating_plants_france = GeoNuclearData.nuclear_power_plants.WHERE((GeoNuclearData.nuclear_power_plants.Country == ""France"") & (GeoNuclearData.nuclear_power_plants.Status == ""Operating""))
num_operating_plants_france = GeoNuclearData.CALCULATE(num_plants=COUNT(operating_plants_france))","# Explanation of Pydough Code for Counting Operating Nuclear Stations in France

I'll explain the provided Pydough code that answers the question ""How many operating nuclear stations in France?"" by analyzing the code structure, functions, and patterns based on the provided documentation.

## Pydough Code Analysis

```python
operating_plants_france = GeoNuclearData.nuclear_power_plants.WHERE((GeoNuclearData.nuclear_power_plants.Country == ""France"") & (GeoNuclearData.nuclear_power_plants.Status == ""Operating""))
num_operating_plants_france = GeoNuclearData.CALCULATE(num_plants=COUNT(operating_plants_france))
```

### 1. Pydough-specific Functions and Patterns Used

#### WHERE Operation
The code uses the `WHERE` operation to filter data [d91e6ab7]:
```python
.WHERE((GeoNuclearData.nuclear_power_plants.Country == ""France"") & (GeoNuclearData.nuclear_power_plants.Status == ""Operating""))
```

The `WHERE` operation filters unwanted entries in a context based on a predicate [d91e6ab7]. In this case, it's filtering nuclear power plants to only include those in France with an ""Operating"" status.

#### CALCULATE Operation
The code uses the `CALCULATE` operation [a25a2965]:
```python
GeoNuclearData.CALCULATE(num_plants=COUNT(operating_plants_france))
```

`CALCULATE` has several purposes [a25a2965]:
- Select which entries to include in the output
- Define new fields by calling functions
- Allow operations to be evaluated for each entry in the outermost collection's context
- Define aliases for terms that get down-streamed to descendants

#### COUNT Function
The code uses the `COUNT` aggregation function [f68e89a]:
```python
COUNT(operating_plants_france)
```

`COUNT` is an aggregation function that converts plural data to singular by counting entries [4766684]. It can be used on a column for non-null entries or a collection for total entries [b02b9a4f].

#### Logical Operators
The code uses the `&` operator for logical AND [b02b9a4f]:
```python
(GeoNuclearData.nuclear_power_plants.Country == ""France"") & (GeoNuclearData.nuclear_power_plants.Status == ""Operating"")
```

In Pydough, `&` is used for logical AND instead of Python's built-in `and` keyword [ba91ed7].

### 2. Data Flow and Transformations

The code follows a clear data flow:

1. Start with the `GeoNuclearData.nuclear_power_plants` collection
2. Filter this collection using `WHERE` to get only French operating plants
3. Store this filtered collection in `operating_plants_france`
4. Use `CALCULATE` on the base `GeoNuclearData` to create a new field `num_plants` that counts the entries in the filtered collection
5. Store this calculation result in `num_operating_plants_france`

### 3. Important Pydough Best Practices Demonstrated

The code demonstrates several Pydough best practices:

1. **Building statements from smaller components** [f52dfcfe]: The code first creates a filtered collection and then uses that in a calculation, rather than doing everything in one complex statement.

2. **Using proper logical operators** [ba91ed7]: The code uses `&` for logical AND instead of Python's built-in `and` keyword.

3. **Meaningful variable names**: The variables clearly indicate what they contain (`operating_plants_france`, `num_operating_plants_france`).

### 4. How This Code Follows Pydough Conventions

The code follows Pydough conventions by:

1. Using capitalized function names for Pydough-specific operations (WHERE, CALCULATE, COUNT) [70d2c6b9]

2. Using proper operators for boolean logic (`&` instead of `and`) [b02b9a4f]

3. Following the pattern of filtering data first, then performing calculations on the filtered data [f52dfcfe]

4. Using the proper syntax for defining calculated fields (`field_name=expression`) [a25a2965]

### 5. How the Code Addresses the Original Question

The code directly answers the question ""How many operating nuclear stations in France?"" by:

1. Filtering nuclear power plants to only those in France with ""Operating"" status
2. Counting the number of plants that meet these criteria
3. Storing the count in a variable named `num_operating_plants_france`

The final result in `num_operating_plants_france` contains the exact answer to the question.

## Conclusion

This Pydough code efficiently answers the question by using appropriate filtering and aggregation operations. It follows Pydough best practices by breaking the problem into logical steps, using proper syntax and operators, and creating meaningful variable names that clearly indicate the purpose of each step in the data transformation process."
7,GeoNuclearData,"How many nuclear power plants were shut down now?
Database Schema:
{""GeoNuclearData"": {""nuclear_power_plants"": {""type"": ""simple_table"", ""table_path"": ""main.nuclear_power_plants"", ""unique_properties"": [[""Id"", ""Name"", ""Latitude"", ""Longitude"", ""Country"", ""Status"", ""ReactorType"", ""ReactorModel"", ""ConstructionStartAt"", ""OperationalFrom"", ""OperationalTo"", ""Capacity"", ""LastUpdatedAt"", ""Source""]], ""properties"": {""Id"": {""type"": ""table_column"", ""column_name"": ""Id"", ""data_type"": ""string""}, ""Name"": {""type"": ""table_column"", ""column_name"": ""Name"", ""data_type"": ""string""}, ""Latitude"": {""type"": ""table_column"", ""column_name"": ""Latitude"", ""data_type"": ""string""}, ""Longitude"": {""type"": ""table_column"", ""column_name"": ""Longitude"", ""data_type"": ""string""}, ""Country"": {""type"": ""table_column"", ""column_name"": ""Country"", ""data_type"": ""string""}, ""Status"": {""type"": ""table_column"", ""column_name"": ""Status"", ""data_type"": ""string""}, ""ReactorType"": {""type"": ""table_column"", ""column_name"": ""ReactorType"", ""data_type"": ""string""}, ""ReactorModel"": {""type"": ""table_column"", ""column_name"": ""ReactorModel"", ""data_type"": ""string""}, ""ConstructionStartAt"": {""type"": ""table_column"", ""column_name"": ""ConstructionStartAt"", ""data_type"": ""string""}, ""OperationalFrom"": {""type"": ""table_column"", ""column_name"": ""OperationalFrom"", ""data_type"": ""string""}, ""OperationalTo"": {""type"": ""table_column"", ""column_name"": ""OperationalTo"", ""data_type"": ""string""}, ""Capacity"": {""type"": ""table_column"", ""column_name"": ""Capacity"", ""data_type"": ""string""}, ""LastUpdatedAt"": {""type"": ""table_column"", ""column_name"": ""LastUpdatedAt"", ""data_type"": ""string""}, ""Source"": {""type"": ""table_column"", ""column_name"": ""Source"", ""data_type"": ""string""}}}}}","shutdown_plants = GeoNuclearData.nuclear_power_plants.WHERE(Status == ""shutdown"")
num_shutdown_plants = GeoNuclearData.CALCULATE(number_of_shutdown_plants=COUNT(shutdown_plants))","# Explanation of Pydough Code for Counting Shutdown Nuclear Power Plants

I'll explain the provided Pydough code that answers the question ""How many nuclear power plants were shut down now?""

```python
shutdown_plants = GeoNuclearData.nuclear_power_plants.WHERE(Status == ""shutdown"")
num_shutdown_plants = GeoNuclearData.CALCULATE(number_of_shutdown_plants=COUNT(shutdown_plants))
```

## Pydough-Specific Functions and Patterns

### 1. Collection Access
The code begins by accessing a collection called `GeoNuclearData`, which appears to be a database or data source containing information about nuclear power plants [4404147]. This follows the Pydough pattern of accessing data through named collections.

### 2. WHERE Operation
The `WHERE` operation [5be9616e] is used to filter data based on a condition. In this case:
```python
shutdown_plants = GeoNuclearData.nuclear_power_plants.WHERE(Status == ""shutdown"")
```
This filters the `nuclear_power_plants` subcollection to only include plants where the `Status` field equals ""shutdown"" [5be9616e].

### 3. CALCULATE Operation
The `CALCULATE` operation [b70993e8] is used to derive new values from existing data:
```python
num_shutdown_plants = GeoNuclearData.CALCULATE(number_of_shutdown_plants=COUNT(shutdown_plants))
```
This creates a new calculated field named `number_of_shutdown_plants` [b70993e8].

### 4. COUNT Function
The `COUNT` aggregation function [c9997c6] counts the number of records in a collection. Here it counts how many plants are in the filtered `shutdown_plants` collection.

## Data Flow and Transformations

The data flow in this code follows a clear sequence:

1. Start with the `GeoNuclearData` collection
2. Access the `nuclear_power_plants` subcollection
3. Filter to only include plants with ""shutdown"" status
4. Count the number of plants in this filtered collection
5. Store the count in a variable called `num_shutdown_plants`

## Pydough Best Practices Demonstrated

The code demonstrates several Pydough best practices:

1. **Clear variable naming**: Variables like `shutdown_plants` and `num_shutdown_plants` clearly indicate what they contain [4404147].

2. **Logical data flow**: The code follows a logical progression from data source to filtered subset to calculation [b70993e8].

3. **Separation of concerns**: The filtering operation is separated from the counting operation, making the code more readable and maintainable [5be9616e].

4. **Using appropriate operations**: The code uses `WHERE` for filtering and `CALCULATE` with `COUNT` for aggregation, which are the appropriate operations for these tasks [c9997c6].

## How the Code Follows Pydough Conventions

The code follows Pydough conventions by:

1. Using dot notation to access subcollections (`GeoNuclearData.nuclear_power_plants`) [4404147].

2. Using the `WHERE` operation with a condition expression for filtering [5be9616e].

3. Using the `CALCULATE` operation to define new terms [b70993e8].

4. Using aggregation functions like `COUNT` to perform calculations on collections [c9997c6].

5. Using comparison operators (`==`) for equality checks rather than Python's built-in `and`, `or`, `not` which are not supported in Pydough [b70993e8].

## How the Code Addresses the Original Question

The original question asks ""How many nuclear power plants were shut down now?"" The code directly answers this by:

1. Identifying all nuclear power plants with a ""shutdown"" status
2. Counting how many such plants exist
3. Storing this count in a variable that represents the answer to the question

The result stored in `num_shutdown_plants` (specifically in the field `number_of_shutdown_plants`) is the exact answer to the question - the count of currently shutdown nuclear power plants.

This approach is efficient and directly addresses the question without unnecessary complexity."
